Date,High_Temp
2006-01-01,39.72
2006-01-02,44.15
2006-01-03,36.2
2006-01-04,36.66
2006-01-05,48.62
2006-01-06,38.78
2006-01-07,33.63
2006-01-08,44.56
2006-01-09,58.06
2006-01-10,47.71
2006-01-11,46.77
2006-01-12,56.14
2006-01-13,45.58
2006-01-14,54.94
2006-01-15,25.61
2006-01-16,30.58
2006-01-17,38.53
2006-01-18,57.68
2006-01-19,45.17
2006-01-20,59.65
2006-01-21,61.14
2006-01-22,40.86
2006-01-23,38.89
2006-01-24,44.0
2006-01-25,41.61
2006-01-26,34.31
2006-01-27,41.47
2006-01-28,56.86
2006-01-29,47.32
2006-01-30,60.2
2006-01-31,40.63
2006-02-01,40.18
2006-02-02,49.51
2006-02-03,60.65
2006-02-04,47.86
2006-02-05,46.43
2006-02-06,38.01
2006-02-07,42.26
2006-02-08,35.01
2006-02-09,35.0
2006-02-10,36.07
2006-02-11,35.84
2006-02-12,25.39
2006-02-13,34.98
2006-02-14,40.58
2006-02-15,53.1
2006-02-16,56.51
2006-02-17,56.1
2006-02-18,33.55
2006-02-19,29.06
2006-02-20,35.43
2006-02-21,39.77
2006-02-22,42.74
2006-02-23,45.65
2006-02-24,36.53
2006-02-25,47.72
2006-02-26,26.9
2006-02-27,28.79
2006-02-28,32.23
2006-03-01,40.66
2006-03-02,31.65
2006-03-03,32.25
2006-03-04,38.33
2006-03-05,44.92
2006-03-06,41.33
2006-03-07,42.55
2006-03-08,47.49
2006-03-09,50.6
2006-03-10,72.86
2006-03-11,62.71
2006-03-12,51.71
2006-03-13,61.58
2006-03-14,59.13
2006-03-15,43.77
2006-03-16,46.28
2006-03-17,44.85
2006-03-18,41.46
2006-03-19,40.03
2006-03-20,39.57
2006-03-21,42.62
2006-03-22,42.79
2006-03-23,50.97
2006-03-24,49.72
2006-03-25,45.99
2006-03-26,49.47
2006-03-27,56.91
2006-03-28,53.93
2006-03-29,61.02
2006-03-30,65.32
2006-03-31,67.6
2006-04-01,70.77
2006-04-02,65.45
2006-04-03,54.2
2006-04-04,53.25
2006-04-05,45.43
2006-04-06,51.41
2006-04-07,61.29
2006-04-08,51.2
2006-04-09,56.01
2006-04-10,58.7
2006-04-11,65.08
2006-04-12,64.06
2006-04-13,75.17
2006-04-14,62.53
2006-04-15,77.98
2006-04-16,65.07
2006-04-17,60.53
2006-04-18,70.36
2006-04-19,72.78
2006-04-20,80.68
2006-04-21,58.44
2006-04-22,46.48
2006-04-23,59.39
2006-04-24,59.09
2006-04-25,69.07
2006-04-26,55.97
2006-04-27,70.58
2006-04-28,60.27
2006-04-29,62.44
2006-04-30,67.79
2006-05-01,69.12
2006-05-02,66.25
2006-05-03,68.56
2006-05-04,79.65
2006-05-05,78.21
2006-05-06,73.89
2006-05-07,63.25
2006-05-08,61.48
2006-05-09,61.69
2006-05-10,64.63
2006-05-11,59.63
2006-05-12,67.1
2006-05-13,68.76
2006-05-14,59.76
2006-05-15,60.38
2006-05-16,63.14
2006-05-17,69.42
2006-05-18,72.13
2006-05-19,60.13
2006-05-20,66.83
2006-05-21,66.7
2006-05-22,63.36
2006-05-23,65.53
2006-05-24,72.24
2006-05-25,75.7
2006-05-26,72.42
2006-05-27,81.65
2006-05-28,80.59
2006-05-29,88.13
2006-05-30,84.82
2006-05-31,74.49
2006-06-01,85.63
2006-06-02,78.15
2006-06-03,64.33
2006-06-04,66.73
2006-06-05,69.89
2006-06-06,69.88
2006-06-07,60.88
2006-06-08,65.36
2006-06-09,73.88
2006-06-10,64.85
2006-06-11,68.93
2006-06-12,72.13
2006-06-13,80.21
2006-06-14,77.11
2006-06-15,78.56
2006-06-16,83.99
2006-06-17,83.26
2006-06-18,90.45
2006-06-19,87.01
2006-06-20,83.66
2006-06-21,80.74
2006-06-22,86.49
2006-06-23,85.36
2006-06-24,72.35
2006-06-25,73.67
2006-06-26,76.39
2006-06-27,78.06
2006-06-28,84.41
2006-06-29,83.07
2006-06-30,80.43
2006-07-01,83.92
2006-07-02,88.77
2006-07-03,87.62
2006-07-04,87.07
2006-07-05,76.35
2006-07-06,76.06
2006-07-07,79.61
2006-07-08,81.42
2006-07-09,83.03
2006-07-10,82.39
2006-07-11,87.34
2006-07-12,81.88
2006-07-13,82.57
2006-07-14,84.6
2006-07-15,81.06
2006-07-16,91.25
2006-07-17,94.86
2006-07-18,95.13
2006-07-19,84.6
2006-07-20,81.53
2006-07-21,84.59
2006-07-22,79.42
2006-07-23,77.22
2006-07-24,83.58
2006-07-25,83.47
2006-07-26,84.66
2006-07-27,87.44
2006-07-28,89.89
2006-07-29,89.41
2006-07-30,88.94
2006-07-31,90.09
2006-08-01,96.71
2006-08-02,97.1
2006-08-03,96.56
2006-08-04,85.58
2006-08-05,87.53
2006-08-06,81.63
2006-08-07,86.33
2006-08-08,84.65
2006-08-09,81.77
2006-08-10,82.8
2006-08-11,76.94
2006-08-12,77.18
2006-08-13,79.63
2006-08-14,85.24
2006-08-15,81.09
2006-08-16,83.88
2006-08-17,82.04
2006-08-18,80.3
2006-08-19,80.3
2006-08-20,88.38
2006-08-21,83.52
2006-08-22,83.55
2006-08-23,84.95
2006-08-24,79.1
2006-08-25,72.42
2006-08-26,68.39
2006-08-27,69.73
2006-08-28,77.01
2006-08-29,68.74
2006-08-30,72.54
2006-08-31,70.94
2006-09-01,67.49
2006-09-02,64.34
2006-09-03,75.36
2006-09-04,74.54
2006-09-05,69.03
2006-09-06,74.22
2006-09-07,77.82
2006-09-08,80.48
2006-09-09,81.85
2006-09-10,71.33
2006-09-11,67.04
2006-09-12,67.32
2006-09-13,68.28
2006-09-14,67.29
2006-09-15,66.41
2006-09-16,76.92
2006-09-17,78.79
2006-09-18,80.89
2006-09-19,78.67
2006-09-20,69.87
2006-09-21,66.43
2006-09-22,69.0
2006-09-23,74.19
2006-09-24,79.59
2006-09-25,70.58
2006-09-26,71.45
2006-09-27,70.82
2006-09-28,72.72
2006-09-29,61.63
2006-09-30,64.39
2006-10-01,67.86
2006-10-02,67.49
2006-10-03,78.1
2006-10-04,77.53
2006-10-05,62.0
2006-10-06,56.83
2006-10-07,62.15
2006-10-08,69.58
2006-10-09,78.56
2006-10-10,74.43
2006-10-11,62.56
2006-10-12,68.66
2006-10-13,54.51
2006-10-14,58.72
2006-10-15,56.46
2006-10-16,60.17
2006-10-17,57.1
2006-10-18,71.61
2006-10-19,67.0
2006-10-20,65.35
2006-10-21,56.84
2006-10-22,58.82
2006-10-23,53.01
2006-10-24,50.49
2006-10-25,53.36
2006-10-26,49.83
2006-10-27,49.51
2006-10-28,64.97
2006-10-29,52.52
2006-10-30,61.06
2006-10-31,67.49
2006-11-01,67.52
2006-11-02,52.18
2006-11-03,47.03
2006-11-04,46.09
2006-11-05,49.37
2006-11-06,56.83
2006-11-07,58.46
2006-11-08,58.6
2006-11-09,66.95
2006-11-10,60.12
2006-11-11,65.15
2006-11-12,61.0
2006-11-13,60.4
2006-11-14,60.22
2006-11-15,61.28
2006-11-16,67.28
2006-11-17,62.3
2006-11-18,50.38
2006-11-19,46.84
2006-11-20,43.71
2006-11-21,45.25
2006-11-22,45.03
2006-11-23,43.17
2006-11-24,57.83
2006-11-25,51.54
2006-11-26,58.35
2006-11-27,62.51
2006-11-28,57.17
2006-11-29,56.62
2006-11-30,65.66
2006-12-01,67.2
2006-12-02,48.58
2006-12-03,45.32
2006-12-04,38.35
2006-12-05,36.16
2006-12-06,48.6
2006-12-07,52.73
2006-12-08,28.85
2006-12-09,38.5
2006-12-10,53.77
2006-12-11,56.2
2006-12-12,46.01
2006-12-13,53.48
2006-12-14,55.64
2006-12-15,51.3
2006-12-16,49.9
2006-12-17,56.09
2006-12-18,57.46
2006-12-19,44.75
2006-12-20,44.77
2006-12-21,52.38
2006-12-22,44.6
2006-12-23,58.35
2006-12-24,51.39
2006-12-25,43.75
2006-12-26,53.06
2006-12-27,42.94
2006-12-28,46.8
2006-12-29,47.09
2006-12-30,47.18
2006-12-31,44.1
2007-01-01,53.78
2007-01-02,46.33
2007-01-03,51.65
2007-01-04,54.96
2007-01-05,58.07
2007-01-06,70.31
2007-01-07,49.75
2007-01-08,53.92
2007-01-09,43.04
2007-01-10,34.62
2007-01-11,36.96
2007-01-12,48.29
2007-01-13,54.41
2007-01-14,44.16
2007-01-15,44.62
2007-01-16,44.18
2007-01-17,28.67
2007-01-18,35.98
2007-01-19,40.99
2007-01-20,30.86
2007-01-21,27.61
2007-01-22,32.17
2007-01-23,35.93
2007-01-24,38.41
2007-01-25,31.8
2007-01-26,21.73
2007-01-27,35.2
2007-01-28,40.91
2007-01-29,27.82
2007-01-30,34.32
2007-01-31,32.73
2007-02-01,35.04
2007-02-02,37.79
2007-02-03,27.74
2007-02-04,24.17
2007-02-05,17.66
2007-02-06,24.02
2007-02-07,24.88
2007-02-08,27.57
2007-02-09,30.43
2007-02-10,32.07
2007-02-11,32.48
2007-02-12,39.36
2007-02-13,25.48
2007-02-14,26.05
2007-02-15,22.48
2007-02-16,27.47
2007-02-17,35.34
2007-02-18,32.21
2007-02-19,26.78
2007-02-20,46.65
2007-02-21,48.66
2007-02-22,43.93
2007-02-23,34.38
2007-02-24,41.81
2007-02-25,35.6
2007-02-26,34.66
2007-02-27,41.85
2007-02-28,44.98
2007-03-01,43.7
2007-03-02,55.71
2007-03-03,56.52
2007-03-04,37.06
2007-03-05,38.97
2007-03-06,19.89
2007-03-07,21.88
2007-03-08,33.21
2007-03-09,31.88
2007-03-10,52.45
2007-03-11,48.76
2007-03-12,55.46
2007-03-13,54.61
2007-03-14,68.91
2007-03-15,63.66
2007-03-16,30.35
2007-03-17,36.74
2007-03-18,38.92
2007-03-19,40.5
2007-03-20,48.12
2007-03-21,38.24
2007-03-22,63.56
2007-03-23,57.57
2007-03-24,53.2
2007-03-25,51.19
2007-03-26,49.59
2007-03-27,75.79
2007-03-28,62.78
2007-03-29,55.02
2007-03-30,65.81
2007-03-31,54.96
2007-04-01,48.4
2007-04-02,53.79
2007-04-03,59.93
2007-04-04,41.77
2007-04-05,42.34
2007-04-06,40.28
2007-04-07,40.66
2007-04-08,39.88
2007-04-09,46.2
2007-04-10,48.57
2007-04-11,49.66
2007-04-12,42.02
2007-04-13,48.33
2007-04-14,54.5
2007-04-15,48.77
2007-04-16,43.57
2007-04-17,48.82
2007-04-18,50.11
2007-04-19,59.53
2007-04-20,68.2
2007-04-21,77.6
2007-04-22,74.83
2007-04-23,82.28
2007-04-24,73.88
2007-04-25,63.24
2007-04-26,58.44
2007-04-27,54.74
2007-04-28,68.24
2007-04-29,65.8
2007-04-30,77.83
2007-05-01,67.69
2007-05-02,67.02
2007-05-03,69.9
2007-05-04,68.8
2007-05-05,70.7
2007-05-06,59.95
2007-05-07,63.88
2007-05-08,68.43
2007-05-09,80.6
2007-05-10,76.33
2007-05-11,74.86
2007-05-12,71.85
2007-05-13,66.97
2007-05-14,67.97
2007-05-15,84.02
2007-05-16,83.58
2007-05-17,65.05
2007-05-18,54.45
2007-05-19,54.97
2007-05-20,74.34
2007-05-21,70.15
2007-05-22,71.58
2007-05-23,72.48
2007-05-24,83.59
2007-05-25,89.65
2007-05-26,83.33
2007-05-27,82.98
2007-05-28,82.61
2007-05-29,78.45
2007-05-30,81.67
2007-05-31,88.17
2007-06-01,87.77
2007-06-02,86.63
2007-06-03,77.89
2007-06-04,68.04
2007-06-05,80.65
2007-06-06,69.07
2007-06-07,73.01
2007-06-08,84.25
2007-06-09,79.58
2007-06-10,72.17
2007-06-11,82.13
2007-06-12,81.02
2007-06-13,65.47
2007-06-14,64.37
2007-06-15,71.87
2007-06-16,78.87
2007-06-17,87.23
2007-06-18,81.39
2007-06-19,80.59
2007-06-20,78.5
2007-06-21,80.77
2007-06-22,73.74
2007-06-23,74.32
2007-06-24,80.2
2007-06-25,79.67
2007-06-26,91.51
2007-06-27,90.9
2007-06-28,87.6
2007-06-29,75.96
2007-06-30,80.32
2007-07-01,72.37
2007-07-02,73.16
2007-07-03,78.44
2007-07-04,70.53
2007-07-05,78.65
2007-07-06,83.78
2007-07-07,83.91
2007-07-08,89.55
2007-07-09,92.09
2007-07-10,91.5
2007-07-11,83.89
2007-07-12,80.13
2007-07-13,81.04
2007-07-14,82.6
2007-07-15,87.62
2007-07-16,80.97
2007-07-17,85.37
2007-07-18,77.22
2007-07-19,82.61
2007-07-20,77.65
2007-07-21,81.43
2007-07-22,81.01
2007-07-23,69.46
2007-07-24,80.79
2007-07-25,81.81
2007-07-26,83.33
2007-07-27,83.29
2007-07-28,84.52
2007-07-29,79.0
2007-07-30,84.1
2007-07-31,86.3
2007-08-01,88.71
2007-08-02,92.55
2007-08-03,90.77
2007-08-04,89.15
2007-08-05,82.41
2007-08-06,82.96
2007-08-07,87.65
2007-08-08,91.8
2007-08-09,81.5
2007-08-10,68.66
2007-08-11,80.32
2007-08-12,85.33
2007-08-13,84.99
2007-08-14,80.74
2007-08-15,85.22
2007-08-16,84.7
2007-08-17,83.45
2007-08-18,73.68
2007-08-19,70.72
2007-08-20,68.11
2007-08-21,59.17
2007-08-22,65.14
2007-08-23,74.13
2007-08-24,82.55
2007-08-25,87.89
2007-08-26,80.81
2007-08-27,81.79
2007-08-28,81.19
2007-08-29,83.67
2007-08-30,84.55
2007-08-31,78.77
2007-09-01,77.15
2007-09-02,76.84
2007-09-03,82.08
2007-09-04,81.68
2007-09-05,76.64
2007-09-06,79.59
2007-09-07,84.93
2007-09-08,87.13
2007-09-09,83.58
2007-09-10,77.99
2007-09-11,73.9
2007-09-12,73.45
2007-09-13,73.78
2007-09-14,73.14
2007-09-15,67.73
2007-09-16,64.34
2007-09-17,66.83
2007-09-18,68.83
2007-09-19,73.94
2007-09-20,80.57
2007-09-21,81.72
2007-09-22,72.89
2007-09-23,78.54
2007-09-24,78.05
2007-09-25,84.78
2007-09-26,86.76
2007-09-27,80.79
2007-09-28,74.68
2007-09-29,73.94
2007-09-30,69.85
2007-10-01,67.8
2007-10-02,71.91
2007-10-03,77.41
2007-10-04,83.41
2007-10-05,80.98
2007-10-06,83.09
2007-10-07,78.98
2007-10-08,86.99
2007-10-09,74.74
2007-10-10,69.31
2007-10-11,66.07
2007-10-12,59.62
2007-10-13,60.19
2007-10-14,63.27
2007-10-15,66.59
2007-10-16,68.5
2007-10-17,72.01
2007-10-18,76.02
2007-10-19,72.3
2007-10-20,69.56
2007-10-21,74.63
2007-10-22,75.63
2007-10-23,77.08
2007-10-24,64.01
2007-10-25,56.37
2007-10-26,56.15
2007-10-27,68.35
2007-10-28,55.3
2007-10-29,52.77
2007-10-30,62.17
2007-10-31,63.83
2007-11-01,64.47
2007-11-02,54.32
2007-11-03,50.62
2007-11-04,55.16
2007-11-05,57.1
2007-11-06,51.52
2007-11-07,48.66
2007-11-08,44.77
2007-11-09,43.56
2007-11-10,44.49
2007-11-11,45.05
2007-11-12,48.25
2007-11-13,58.73
2007-11-14,56.02
2007-11-15,58.18
2007-11-16,45.15
2007-11-17,45.49
2007-11-18,42.66
2007-11-19,43.21
2007-11-20,47.0
2007-11-21,54.17
2007-11-22,64.78
2007-11-23,39.6
2007-11-24,37.9
2007-11-25,48.68
2007-11-26,49.76
2007-11-27,56.17
2007-11-28,44.38
2007-11-29,49.39
2007-11-30,41.65
2007-12-01,34.4
2007-12-02,28.48
2007-12-03,46.83
2007-12-04,33.05
2007-12-05,32.4
2007-12-06,32.91
2007-12-07,33.55
2007-12-08,43.81
2007-12-09,38.08
2007-12-10,39.54
2007-12-11,39.81
2007-12-12,51.12
2007-12-13,34.83
2007-12-14,42.01
2007-12-15,31.27
2007-12-16,35.89
2007-12-17,32.72
2007-12-18,36.97
2007-12-19,42.71
2007-12-20,43.04
2007-12-21,38.7
2007-12-22,38.63
2007-12-23,55.28
2007-12-24,44.58
2007-12-25,42.33
2007-12-26,37.3
2007-12-27,39.7
2007-12-28,47.8
2007-12-29,50.88
2007-12-30,40.74
2007-12-31,43.44
2008-01-01,46.22
2008-01-02,31.58
2008-01-03,20.25
2008-01-04,34.79
2008-01-05,41.76
2008-01-06,45.03
2008-01-07,60.7
2008-01-08,62.26
2008-01-09,63.32
2008-01-10,49.77
2008-01-11,51.95
2008-01-12,46.76
2008-01-13,44.33
2008-01-14,37.8
2008-01-15,37.4
2008-01-16,38.6
2008-01-17,37.65
2008-01-18,46.58
2008-01-19,36.39
2008-01-20,24.57
2008-01-21,26.07
2008-01-22,37.77
2008-01-23,39.33
2008-01-24,32.4
2008-01-25,32.87
2008-01-26,32.25
2008-01-27,37.29
2008-01-28,41.26
2008-01-29,39.01
2008-01-30,46.45
2008-01-31,37.33
2008-02-01,40.53
2008-02-02,42.34
2008-02-03,48.88
2008-02-04,37.9
2008-02-05,49.93
2008-02-06,65.44
2008-02-07,47.6
2008-02-08,44.16
2008-02-09,41.49
2008-02-10,42.68
2008-02-11,23.28
2008-02-12,24.64
2008-02-13,45.35
2008-02-14,39.43
2008-02-15,45.96
2008-02-16,33.14
2008-02-17,41.8
2008-02-18,62.56
2008-02-19,40.04
2008-02-20,31.71
2008-02-21,32.43
2008-02-22,33.31
2008-02-23,33.87
2008-02-24,38.33
2008-02-25,47.33
2008-02-26,43.88
2008-02-27,37.18
2008-02-28,26.92
2008-02-29,30.81
2008-03-01,42.91
2008-03-02,41.97
2008-03-03,55.32
2008-03-04,60.53
2008-03-05,51.2
2008-03-06,46.82
2008-03-07,44.63
2008-03-08,57.0
2008-03-09,41.54
2008-03-10,44.82
2008-03-11,47.75
2008-03-12,46.07
2008-03-13,43.72
2008-03-14,53.84
2008-03-15,54.23
2008-03-16,46.08
2008-03-17,48.17
2008-03-18,42.87
2008-03-19,47.08
2008-03-20,46.53
2008-03-21,44.34
2008-03-22,48.76
2008-03-23,46.22
2008-03-24,46.68
2008-03-25,45.62
2008-03-26,59.89
2008-03-27,47.54
2008-03-28,46.1
2008-03-29,45.47
2008-03-30,45.81
2008-03-31,50.59
2008-04-01,64.75
2008-04-02,48.71
2008-04-03,48.66
2008-04-04,52.11
2008-04-05,57.37
2008-04-06,48.31
2008-04-07,49.35
2008-04-08,55.32
2008-04-09,54.67
2008-04-10,73.5
2008-04-11,59.0
2008-04-12,71.57
2008-04-13,53.63
2008-04-14,54.75
2008-04-15,58.89
2008-04-16,64.71
2008-04-17,71.8
2008-04-18,80.91
2008-04-19,72.18
2008-04-20,62.15
2008-04-21,63.08
2008-04-22,68.25
2008-04-23,76.18
2008-04-24,77.44
2008-04-25,69.14
2008-04-26,60.83
2008-04-27,54.2
2008-04-28,57.74
2008-04-29,56.57
2008-04-30,55.37
2008-05-01,57.35
2008-05-02,54.67
2008-05-03,56.02
2008-05-04,70.48
2008-05-05,71.02
2008-05-06,76.02
2008-05-07,72.7
2008-05-08,73.4
2008-05-09,51.7
2008-05-10,64.5
2008-05-11,60.16
2008-05-12,54.47
2008-05-13,70.33
2008-05-14,73.02
2008-05-15,72.45
2008-05-16,56.65
2008-05-17,71.41
2008-05-18,64.65
2008-05-19,58.18
2008-05-20,53.69
2008-05-21,65.78
2008-05-22,59.3
2008-05-23,67.71
2008-05-24,69.37
2008-05-25,76.19
2008-05-26,77.42
2008-05-27,81.62
2008-05-28,67.53
2008-05-29,75.84
2008-05-30,79.7
2008-05-31,75.09
2008-06-01,80.98
2008-06-02,79.44
2008-06-03,82.03
2008-06-04,69.85
2008-06-05,72.23
2008-06-06,74.22
2008-06-07,93.47
2008-06-08,92.45
2008-06-09,95.78
2008-06-10,95.7
2008-06-11,84.82
2008-06-12,83.58
2008-06-13,80.99
2008-06-14,87.72
2008-06-15,80.77
2008-06-16,77.8
2008-06-17,74.61
2008-06-18,71.79
2008-06-19,74.51
2008-06-20,77.9
2008-06-21,82.09
2008-06-22,76.15
2008-06-23,80.18
2008-06-24,77.64
2008-06-25,82.41
2008-06-26,81.21
2008-06-27,83.56
2008-06-28,87.71
2008-06-29,87.25
2008-06-30,83.0
2008-07-01,83.72
2008-07-02,84.44
2008-07-03,88.85
2008-07-04,78.24
2008-07-05,74.52
2008-07-06,77.7
2008-07-07,82.94
2008-07-08,88.66
2008-07-09,83.86
2008-07-10,84.72
2008-07-11,86.1
2008-07-12,84.33
2008-07-13,81.99
2008-07-14,80.38
2008-07-15,87.18
2008-07-16,89.14
2008-07-17,91.0
2008-07-18,93.26
2008-07-19,94.31
2008-07-20,92.4
2008-07-21,89.43
2008-07-22,83.49
2008-07-23,79.61
2008-07-24,80.94
2008-07-25,84.44
2008-07-26,85.3
2008-07-27,79.84
2008-07-28,85.37
2008-07-29,87.75
2008-07-30,85.54
2008-07-31,87.48
2008-08-01,86.62
2008-08-02,78.84
2008-08-03,81.25
2008-08-04,83.38
2008-08-05,83.85
2008-08-06,86.21
2008-08-07,83.12
2008-08-08,78.69
2008-08-09,79.45
2008-08-10,79.51
2008-08-11,70.96
2008-08-12,79.28
2008-08-13,80.39
2008-08-14,82.93
2008-08-15,78.5
2008-08-16,80.21
2008-08-17,83.07
2008-08-18,86.1
2008-08-19,81.03
2008-08-20,76.22
2008-08-21,79.74
2008-08-22,81.08
2008-08-23,78.66
2008-08-24,80.22
2008-08-25,81.7
2008-08-26,78.25
2008-08-27,76.23
2008-08-28,80.68
2008-08-29,77.99
2008-08-30,83.02
2008-08-31,83.04
2008-09-01,83.21
2008-09-02,86.5
2008-09-03,81.78
2008-09-04,89.14
2008-09-05,84.39
2008-09-06,79.81
2008-09-07,80.55
2008-09-08,80.94
2008-09-09,73.81
2008-09-10,71.22
2008-09-11,70.93
2008-09-12,69.29
2008-09-13,79.7
2008-09-14,88.17
2008-09-15,82.02
2008-09-16,69.15
2008-09-17,72.89
2008-09-18,71.96
2008-09-19,64.51
2008-09-20,68.72
2008-09-21,79.42
2008-09-22,71.84
2008-09-23,68.8
2008-09-24,68.89
2008-09-25,64.48
2008-09-26,65.68
2008-09-27,69.33
2008-09-28,72.2
2008-09-29,70.68
2008-09-30,70.77
2008-10-01,71.34
2008-10-02,61.63
2008-10-03,62.81
2008-10-04,62.25
2008-10-05,62.71
2008-10-06,62.49
2008-10-07,62.99
2008-10-08,64.84
2008-10-09,75.27
2008-10-10,72.17
2008-10-11,70.06
2008-10-12,70.34
2008-10-13,74.15
2008-10-14,68.47
2008-10-15,70.79
2008-10-16,76.12
2008-10-17,59.63
2008-10-18,55.79
2008-10-19,54.15
2008-10-20,61.57
2008-10-21,59.67
2008-10-22,50.76
2008-10-23,53.26
2008-10-24,55.59
2008-10-25,64.22
2008-10-26,62.35
2008-10-27,61.43
2008-10-28,45.96
2008-10-29,45.32
2008-10-30,47.89
2008-10-31,62.56
2008-11-01,64.92
2008-11-02,48.89
2008-11-03,55.83
2008-11-04,62.45
2008-11-05,63.7
2008-11-06,62.19
2008-11-07,63.33
2008-11-08,58.18
2008-11-09,54.99
2008-11-10,50.15
2008-11-11,49.82
2008-11-12,49.61
2008-11-13,54.96
2008-11-14,61.22
2008-11-15,66.44
2008-11-16,48.8
2008-11-17,46.21
2008-11-18,38.27
2008-11-19,35.6
2008-11-20,37.6
2008-11-21,36.8
2008-11-22,31.51
2008-11-23,36.19
2008-11-24,48.64
2008-11-25,45.1
2008-11-26,44.46
2008-11-27,42.81
2008-11-28,48.85
2008-11-29,44.19
2008-11-30,39.86
2008-12-01,52.89
2008-12-02,44.62
2008-12-03,42.49
2008-12-04,48.57
2008-12-05,37.33
2008-12-06,34.88
2008-12-07,35.27
2008-12-08,28.53
2008-12-09,50.11
2008-12-10,61.33
2008-12-11,38.83
2008-12-12,43.81
2008-12-13,31.29
2008-12-14,43.88
2008-12-15,63.73
2008-12-16,38.59
2008-12-17,40.3
2008-12-18,41.69
2008-12-19,33.0
2008-12-20,23.62
2008-12-21,35.53
2008-12-22,24.87
2008-12-23,27.91
2008-12-24,40.82
2008-12-25,43.03
2008-12-26,38.88
2008-12-27,44.11
2008-12-28,63.58
2008-12-29,45.42
2008-12-30,41.73
2008-12-31,33.35
2009-01-01,25.69
2009-01-02,32.88
2009-01-03,37.96
2009-01-04,41.53
2009-01-05,42.75
2009-01-06,33.99
2009-01-07,36.35
2009-01-08,37.18
2009-01-09,32.22
2009-01-10,27.26
2009-01-11,30.99
2009-01-12,32.78
2009-01-13,38.61
2009-01-14,22.61
2009-01-15,20.79
2009-01-16,17.04
2009-01-17,18.09
2009-01-18,33.18
2009-01-19,32.94
2009-01-20,28.8
2009-01-21,26.54
2009-01-22,35.82
2009-01-23,45.49
2009-01-24,37.81
2009-01-25,26.97
2009-01-26,29.44
2009-01-27,29.41
2009-01-28,38.64
2009-01-29,33.74
2009-01-30,34.74
2009-01-31,27.5
2009-02-01,51.0
2009-02-02,52.71
2009-02-03,33.2
2009-02-04,29.25
2009-02-05,22.52
2009-02-06,30.44
2009-02-07,46.31
2009-02-08,56.99
2009-02-09,45.21
2009-02-10,48.38
2009-02-11,62.77
2009-02-12,53.87
2009-02-13,42.81
2009-02-14,40.39
2009-02-15,41.74
2009-02-16,39.64
2009-02-17,40.38
2009-02-18,39.33
2009-02-19,48.59
2009-02-20,32.73
2009-02-21,41.23
2009-02-22,40.24
2009-02-23,33.36
2009-02-24,36.94
2009-02-25,40.96
2009-02-26,47.99
2009-02-27,59.43
2009-02-28,39.14
2009-03-01,35.18
2009-03-02,23.38
2009-03-03,26.5
2009-03-04,33.88
2009-03-05,42.9
2009-03-06,53.07
2009-03-07,67.66
2009-03-08,62.7
2009-03-09,44.2
2009-03-10,44.64
2009-03-11,55.43
2009-03-12,40.82
2009-03-13,38.38
2009-03-14,49.95
2009-03-15,50.98
2009-03-16,48.01
2009-03-17,53.23
2009-03-18,62.21
2009-03-19,48.24
2009-03-20,43.04
2009-03-21,46.75
2009-03-22,53.39
2009-03-23,41.82
2009-03-24,46.91
2009-03-25,50.23
2009-03-26,43.22
2009-03-27,62.62
2009-03-28,57.59
2009-03-29,52.92
2009-03-30,51.29
2009-03-31,58.95
2009-04-01,47.53
2009-04-02,62.68
2009-04-03,56.3
2009-04-04,51.45
2009-04-05,64.68
2009-04-06,49.2
2009-04-07,45.08
2009-04-08,47.8
2009-04-09,60.82
2009-04-10,57.83
2009-04-11,49.26
2009-04-12,47.32
2009-04-13,56.85
2009-04-14,48.32
2009-04-15,54.36
2009-04-16,61.59
2009-04-17,69.12
2009-04-18,77.73
2009-04-19,61.0
2009-04-20,47.69
2009-04-21,58.31
2009-04-22,54.74
2009-04-23,56.35
2009-04-24,69.44
2009-04-25,86.6
2009-04-26,89.96
2009-04-27,82.57
2009-04-28,88.27
2009-04-29,64.61
2009-04-30,60.03
2009-05-01,70.33
2009-05-02,66.7
2009-05-03,57.21
2009-05-04,56.58
2009-05-05,54.34
2009-05-06,63.76
2009-05-07,70.01
2009-05-08,74.2
2009-05-09,75.18
2009-05-10,69.03
2009-05-11,64.76
2009-05-12,67.05
2009-05-13,66.31
2009-05-14,67.15
2009-05-15,75.18
2009-05-16,68.95
2009-05-17,57.7
2009-05-18,56.67
2009-05-19,67.22
2009-05-20,81.03
2009-05-21,83.01
2009-05-22,84.84
2009-05-23,72.6
2009-05-24,82.37
2009-05-25,80.26
2009-05-26,60.21
2009-05-27,66.09
2009-05-28,61.94
2009-05-29,73.56
2009-05-30,76.18
2009-05-31,79.34
2009-06-01,68.68
2009-06-02,79.37
2009-06-03,70.7
2009-06-04,67.41
2009-06-05,59.15
2009-06-06,77.02
2009-06-07,80.86
2009-06-08,75.14
2009-06-09,70.57
2009-06-10,68.96
2009-06-11,62.26
2009-06-12,78.9
2009-06-13,71.7
2009-06-14,71.71
2009-06-15,69.74
2009-06-16,66.11
2009-06-17,66.7
2009-06-18,63.64
2009-06-19,77.51
2009-06-20,69.42
2009-06-21,76.77
2009-06-22,73.5
2009-06-23,79.85
2009-06-24,75.13
2009-06-25,79.89
2009-06-26,84.03
2009-06-27,78.89
2009-06-28,79.97
2009-06-29,81.62
2009-06-30,83.28
2009-07-01,79.65
2009-07-02,75.4
2009-07-03,78.11
2009-07-04,79.64
2009-07-05,79.12
2009-07-06,82.26
2009-07-07,80.23
2009-07-08,76.22
2009-07-09,71.28
2009-07-10,75.4
2009-07-11,77.18
2009-07-12,81.12
2009-07-13,78.47
2009-07-14,79.07
2009-07-15,81.52
2009-07-16,84.75
2009-07-17,85.64
2009-07-18,81.68
2009-07-19,80.7
2009-07-20,80.8
2009-07-21,67.81
2009-07-22,80.89
2009-07-23,76.83
2009-07-24,79.21
2009-07-25,83.27
2009-07-26,84.06
2009-07-27,83.25
2009-07-28,85.99
2009-07-29,80.07
2009-07-30,85.46
2009-07-31,85.59
2009-08-01,83.06
2009-08-02,74.52
2009-08-03,83.5
2009-08-04,84.2
2009-08-05,86.23
2009-08-06,77.74
2009-08-07,79.3
2009-08-08,77.41
2009-08-09,77.88
2009-08-10,92.07
2009-08-11,86.92
2009-08-12,79.71
2009-08-13,73.06
2009-08-14,84.45
2009-08-15,87.18
2009-08-16,90.09
2009-08-17,91.21
2009-08-18,88.67
2009-08-19,89.08
2009-08-20,87.51
2009-08-21,88.98
2009-08-22,80.82
2009-08-23,83.51
2009-08-24,82.39
2009-08-25,83.04
2009-08-26,85.04
2009-08-27,77.05
2009-08-28,67.49
2009-08-29,70.49
2009-08-30,80.91
2009-08-31,70.88
2009-09-01,72.5
2009-09-02,75.7
2009-09-03,76.84
2009-09-04,81.43
2009-09-05,82.61
2009-09-06,72.83
2009-09-07,73.5
2009-09-08,74.55
2009-09-09,73.71
2009-09-10,67.45
2009-09-11,64.5
2009-09-12,67.22
2009-09-13,79.32
2009-09-14,77.4
2009-09-15,78.59
2009-09-16,66.04
2009-09-17,62.53
2009-09-18,74.35
2009-09-19,69.2
2009-09-20,72.48
2009-09-21,74.37
2009-09-22,73.55
2009-09-23,79.89
2009-09-24,80.33
2009-09-25,67.47
2009-09-26,62.89
2009-09-27,67.94
2009-09-28,73.25
2009-09-29,65.86
2009-09-30,59.3
2009-10-01,55.32
2009-10-02,62.3
2009-10-03,68.85
2009-10-04,74.1
2009-10-05,65.79
2009-10-06,66.23
2009-10-07,68.91
2009-10-08,64.25
2009-10-09,69.3
2009-10-10,65.36
2009-10-11,63.09
2009-10-12,52.82
2009-10-13,62.77
2009-10-14,52.59
2009-10-15,43.94
2009-10-16,45.47
2009-10-17,48.1
2009-10-18,43.86
2009-10-19,56.25
2009-10-20,66.28
2009-10-21,67.73
2009-10-22,74.25
2009-10-23,56.27
2009-10-24,66.56
2009-10-25,61.96
2009-10-26,59.84
2009-10-27,55.11
2009-10-28,56.48
2009-10-29,58.45
2009-10-30,57.86
2009-10-31,70.25
2009-11-01,55.54
2009-11-02,55.1
2009-11-03,60.59
2009-11-04,50.55
2009-11-05,52.02
2009-11-06,48.24
2009-11-07,52.18
2009-11-08,68.65
2009-11-09,66.38
2009-11-10,64.71
2009-11-11,54.34
2009-11-12,50.89
2009-11-13,54.54
2009-11-14,56.48
2009-11-15,66.03
2009-11-16,58.41
2009-11-17,54.5
2009-11-18,53.17
2009-11-19,54.78
2009-11-20,57.9
2009-11-21,56.43
2009-11-22,53.99
2009-11-23,50.31
2009-11-24,57.04
2009-11-25,50.82
2009-11-26,56.06
2009-11-27,47.68
2009-11-28,50.47
2009-11-29,58.06
2009-11-30,54.08
2009-12-01,46.58
2009-12-02,52.24
2009-12-03,64.27
2009-12-04,50.84
2009-12-05,41.86
2009-12-06,38.1
2009-12-07,37.87
2009-12-08,43.12
2009-12-09,48.82
2009-12-10,39.81
2009-12-11,29.04
2009-12-12,36.7
2009-12-13,47.68
2009-12-14,45.22
2009-12-15,50.54
2009-12-16,35.82
2009-12-17,30.32
2009-12-18,30.07
2009-12-19,27.22
2009-12-20,32.65
2009-12-21,35.96
2009-12-22,35.73
2009-12-23,30.0
2009-12-24,38.56
2009-12-25,38.59
2009-12-26,45.18
2009-12-27,50.47
2009-12-28,39.1
2009-12-29,22.94
2009-12-30,31.41
2009-12-31,34.1
2010-01-01,39.96
2010-01-02,28.64
2010-01-03,21.97
2010-01-04,29.77
2010-01-05,30.13
2010-01-06,33.69
2010-01-07,37.66
2010-01-08,32.39
2010-01-09,29.91
2010-01-10,28.57
2010-01-11,30.86
2010-01-12,34.59
2010-01-13,34.82
2010-01-14,41.11
2010-01-15,48.56
2010-01-16,49.14
2010-01-17,38.54
2010-01-18,49.86
2010-01-19,44.71
2010-01-20,41.21
2010-01-21,41.44
2010-01-22,43.08
2010-01-23,39.68
2010-01-24,41.76
2010-01-25,56.27
2010-01-26,42.3
2010-01-27,38.46
2010-01-28,41.03
2010-01-29,23.33
2010-01-30,19.18
2010-01-31,29.89
2010-02-01,35.48
2010-02-02,33.06
2010-02-03,37.81
2010-02-04,36.93
2010-02-05,35.79
2010-02-06,26.2
2010-02-07,34.1
2010-02-08,36.85
2010-02-09,41.61
2010-02-10,32.13
2010-02-11,36.54
2010-02-12,37.23
2010-02-13,32.06
2010-02-14,38.35
2010-02-15,40.11
2010-02-16,32.79
2010-02-17,34.28
2010-02-18,39.98
2010-02-19,43.09
2010-02-20,44.19
2010-02-21,45.55
2010-02-22,43.63
2010-02-23,36.42
2010-02-24,40.88
2010-02-25,35.07
2010-02-26,33.07
2010-02-27,37.98
2010-02-28,39.45
2010-03-01,47.53
2010-03-02,46.22
2010-03-03,39.78
2010-03-04,46.09
2010-03-05,46.77
2010-03-06,53.36
2010-03-07,56.28
2010-03-08,59.86
2010-03-09,60.12
2010-03-10,55.54
2010-03-11,50.97
2010-03-12,43.53
2010-03-13,46.01
2010-03-14,48.83
2010-03-15,45.14
2010-03-16,61.4
2010-03-17,65.53
2010-03-18,67.78
2010-03-19,71.2
2010-03-20,72.94
2010-03-21,64.31
2010-03-22,55.2
2010-03-23,50.07
2010-03-24,60.29
2010-03-25,60.26
2010-03-26,43.72
2010-03-27,41.69
2010-03-28,46.42
2010-03-29,52.61
2010-03-30,44.15
2010-03-31,56.33
2010-04-01,69.39
2010-04-02,66.94
2010-04-03,65.55
2010-04-04,74.71
2010-04-05,74.13
2010-04-06,77.53
2010-04-07,89.99
2010-04-08,79.56
2010-04-09,56.87
2010-04-10,61.22
2010-04-11,74.12
2010-04-12,65.21
2010-04-13,54.99
2010-04-14,65.52
2010-04-15,71.31
2010-04-16,54.1
2010-04-17,52.79
2010-04-18,55.26
2010-04-19,60.65
2010-04-20,69.15
2010-04-21,67.73
2010-04-22,70.03
2010-04-23,67.11
2010-04-24,67.17
2010-04-25,49.9
2010-04-26,52.31
2010-04-27,56.98
2010-04-28,56.04
2010-04-29,69.17
2010-04-30,78.06
2010-05-01,85.61
2010-05-02,87.62
2010-05-03,80.11
2010-05-04,79.85
2010-05-05,79.28
2010-05-06,78.54
2010-05-07,71.45
2010-05-08,74.96
2010-05-09,52.61
2010-05-10,59.71
2010-05-11,55.9
2010-05-12,47.12
2010-05-13,67.07
2010-05-14,80.19
2010-05-15,72.88
2010-05-16,71.41
2010-05-17,73.81
2010-05-18,54.69
2010-05-19,63.76
2010-05-20,80.04
2010-05-21,84.56
2010-05-22,72.45
2010-05-23,71.46
2010-05-24,73.18
2010-05-25,81.29
2010-05-26,92.45
2010-05-27,72.07
2010-05-28,70.16
2010-05-29,77.21
2010-05-30,84.74
2010-05-31,84.81
2010-06-01,83.78
2010-06-02,84.26
2010-06-03,86.58
2010-06-04,86.47
2010-06-05,86.74
2010-06-06,88.63
2010-06-07,73.96
2010-06-08,71.58
2010-06-09,66.22
2010-06-10,74.08
2010-06-11,70.34
2010-06-12,80.25
2010-06-13,78.28
2010-06-14,78.28
2010-06-15,78.57
2010-06-16,73.82
2010-06-17,73.1
2010-06-18,84.15
2010-06-19,80.87
2010-06-20,88.74
2010-06-21,87.17
2010-06-22,83.21
2010-06-23,89.21
2010-06-24,91.27
2010-06-25,84.64
2010-06-26,87.94
2010-06-27,90.46
2010-06-28,91.87
2010-06-29,86.99
2010-06-30,78.48
2010-07-01,75.57
2010-07-02,79.26
2010-07-03,87.79
2010-07-04,96.03
2010-07-05,97.35
2010-07-06,100.6
2010-07-07,97.8
2010-07-08,85.26
2010-07-09,85.71
2010-07-10,79.31
2010-07-11,88.55
2010-07-12,91.15
2010-07-13,80.76
2010-07-14,76.71
2010-07-15,84.62
2010-07-16,92.23
2010-07-17,91.28
2010-07-18,91.63
2010-07-19,90.72
2010-07-20,86.2
2010-07-21,90.58
2010-07-22,87.37
2010-07-23,85.79
2010-07-24,94.92
2010-07-25,90.56
2010-07-26,85.58
2010-07-27,88.53
2010-07-28,88.23
2010-07-29,86.65
2010-07-30,81.32
2010-07-31,80.88
2010-08-01,76.47
2010-08-02,81.87
2010-08-03,83.5
2010-08-04,88.26
2010-08-05,90.75
2010-08-06,86.15
2010-08-07,83.46
2010-08-08,86.54
2010-08-09,90.82
2010-08-10,89.03
2010-08-11,89.71
2010-08-12,74.41
2010-08-13,78.38
2010-08-14,78.18
2010-08-15,75.74
2010-08-16,84.22
2010-08-17,88.5
2010-08-18,82.3
2010-08-19,87.81
2010-08-20,87.76
2010-08-21,80.45
2010-08-22,78.64
2010-08-23,69.46
2010-08-24,69.46
2010-08-25,69.61
2010-08-26,80.6
2010-08-27,77.39
2010-08-28,80.91
2010-08-29,92.07
2010-08-30,89.51
2010-08-31,93.7
2010-09-01,93.25
2010-09-02,92.06
2010-09-03,83.62
2010-09-04,77.78
2010-09-05,74.75
2010-09-06,76.58
2010-09-07,86.33
2010-09-08,88.14
2010-09-09,69.07
2010-09-10,70.01
2010-09-11,77.19
2010-09-12,64.34
2010-09-13,74.05
2010-09-14,75.06
2010-09-15,70.66
2010-09-16,70.83
2010-09-17,69.58
2010-09-18,70.18
2010-09-19,80.04
2010-09-20,71.63
2010-09-21,71.12
2010-09-22,85.72
2010-09-23,78.08
2010-09-24,83.94
2010-09-25,86.92
2010-09-26,70.62
2010-09-27,70.44
2010-09-28,73.9
2010-09-29,76.4
2010-09-30,75.45
2010-10-01,64.65
2010-10-02,65.43
2010-10-03,62.08
2010-10-04,54.14
2010-10-05,60.06
2010-10-06,62.58
2010-10-07,70.06
2010-10-08,73.32
2010-10-09,71.42
2010-10-10,69.2
2010-10-11,74.33
2010-10-12,67.64
2010-10-13,63.41
2010-10-14,61.99
2010-10-15,56.67
2010-10-16,58.74
2010-10-17,68.79
2010-10-18,59.45
2010-10-19,59.46
2010-10-20,58.95
2010-10-21,61.54
2010-10-22,52.06
2010-10-23,63.91
2010-10-24,66.69
2010-10-25,71.87
2010-10-26,70.53
2010-10-27,72.94
2010-10-28,73.92
2010-10-29,55.12
2010-10-30,56.68
2010-10-31,56.43
2010-11-01,48.2
2010-11-02,50.41
2010-11-03,52.82
2010-11-04,48.2
2010-11-05,51.58
2010-11-06,49.33
2010-11-07,50.06
2010-11-08,44.25
2010-11-09,53.66
2010-11-10,56.41
2010-11-11,55.9
2010-11-12,61.74
2010-11-13,63.53
2010-11-14,59.81
2010-11-15,56.88
2010-11-16,54.86
2010-11-17,58.9
2010-11-18,54.75
2010-11-19,47.14
2010-11-20,54.38
2010-11-21,46.71
2010-11-22,63.32
2010-11-23,60.36
2010-11-24,48.71
2010-11-25,42.11
2010-11-26,50.6
2010-11-27,41.92
2010-11-28,46.36
2010-11-29,47.47
2010-11-30,53.34
2010-12-01,59.78
2010-12-02,41.35
2010-12-03,39.63
2010-12-04,38.38
2010-12-05,34.2
2010-12-06,34.06
2010-12-07,35.83
2010-12-08,33.72
2010-12-09,30.12
2010-12-10,33.08
2010-12-11,44.6
2010-12-12,55.47
2010-12-13,42.03
2010-12-14,22.58
2010-12-15,26.79
2010-12-16,29.72
2010-12-17,35.84
2010-12-18,35.61
2010-12-19,35.59
2010-12-20,35.93
2010-12-21,37.97
2010-12-22,37.67
2010-12-23,34.71
2010-12-24,39.04
2010-12-25,31.76
2010-12-26,26.25
2010-12-27,26.86
2010-12-28,37.15
2010-12-29,37.97
2010-12-30,39.37
2010-12-31,44.24
2011-01-01,49.79
2011-01-02,49.02
2011-01-03,35.56
2011-01-04,39.37
2011-01-05,38.26
2011-01-06,32.48
2011-01-07,32.68
2011-01-08,29.75
2011-01-09,31.62
2011-01-10,34.01
2011-01-11,29.82
2011-01-12,31.16
2011-01-13,29.49
2011-01-14,29.53
2011-01-15,35.65
2011-01-16,34.09
2011-01-17,25.86
2011-01-18,37.89
2011-01-19,40.49
2011-01-20,32.08
2011-01-21,30.8
2011-01-22,23.91
2011-01-23,24.35
2011-01-24,19.69
2011-01-25,35.43
2011-01-26,31.48
2011-01-27,35.42
2011-01-28,34.2
2011-01-29,35.27
2011-01-30,37.65
2011-01-31,30.69
2011-02-01,28.1
2011-02-02,36.05
2011-02-03,32.68
2011-02-04,33.6
2011-02-05,35.05
2011-02-06,44.1
2011-02-07,43.56
2011-02-08,38.38
2011-02-09,29.63
2011-02-10,27.53
2011-02-11,36.74
2011-02-12,38.82
2011-02-13,44.3
2011-02-14,57.26
2011-02-15,34.56
2011-02-16,45.88
2011-02-17,60.91
2011-02-18,66.18
2011-02-19,42.27
2011-02-20,39.49
2011-02-21,31.0
2011-02-22,34.81
2011-02-23,40.74
2011-02-24,42.27
2011-02-25,49.25
2011-02-26,42.25
2011-02-27,49.35
2011-02-28,57.35
2011-03-01,44.05
2011-03-02,52.24
2011-03-03,32.41
2011-03-04,39.89
2011-03-05,58.69
2011-03-06,53.51
2011-03-07,44.82
2011-03-08,45.98
2011-03-09,41.66
2011-03-10,47.74
2011-03-11,53.3
2011-03-12,54.39
2011-03-13,48.84
2011-03-14,44.1
2011-03-15,45.28
2011-03-16,55.85
2011-03-17,63.78
2011-03-18,75.67
2011-03-19,49.44
2011-03-20,48.19
2011-03-21,42.94
2011-03-22,48.78
2011-03-23,35.24
2011-03-24,42.68
2011-03-25,41.01
2011-03-26,38.81
2011-03-27,43.2
2011-03-28,44.99
2011-03-29,48.21
2011-03-30,51.98
2011-03-31,41.56
2011-04-01,42.97
2011-04-02,54.01
2011-04-03,57.27
2011-04-04,60.89
2011-04-05,61.02
2011-04-06,54.8
2011-04-07,49.41
2011-04-08,48.07
2011-04-09,57.06
2011-04-10,55.44
2011-04-11,79.63
2011-04-12,61.24
2011-04-13,49.33
2011-04-14,68.24
2011-04-15,52.56
2011-04-16,49.8
2011-04-17,59.13
2011-04-18,62.03
2011-04-19,50.87
2011-04-20,64.89
2011-04-21,58.3
2011-04-22,49.06
2011-04-23,57.87
2011-04-24,77.68
2011-04-25,71.63
2011-04-26,80.35
2011-04-27,73.75
2011-04-28,70.36
2011-04-29,68.11
2011-04-30,66.16
2011-05-01,66.3
2011-05-02,61.35
2011-05-03,72.34
2011-05-04,60.68
2011-05-05,63.9
2011-05-06,69.24
2011-05-07,69.4
2011-05-08,70.37
2011-05-09,70.28
2011-05-10,72.46
2011-05-11,69.4
2011-05-12,71.87
2011-05-13,65.33
2011-05-14,62.48
2011-05-15,67.33
2011-05-16,60.21
2011-05-17,60.63
2011-05-18,68.81
2011-05-19,71.92
2011-05-20,63.51
2011-05-21,74.95
2011-05-22,57.32
2011-05-23,64.44
2011-05-24,81.3
2011-05-25,81.71
2011-05-26,78.38
2011-05-27,83.14
2011-05-28,82.76
2011-05-29,82.63
2011-05-30,87.23
2011-05-31,86.01
2011-06-01,89.69
2011-06-02,76.29
2011-06-03,75.74
2011-06-04,73.58
2011-06-05,67.64
2011-06-06,80.35
2011-06-07,87.46
2011-06-08,94.11
2011-06-09,95.54
2011-06-10,84.76
2011-06-11,65.81
2011-06-12,71.71
2011-06-13,71.43
2011-06-14,66.22
2011-06-15,81.8
2011-06-16,82.17
2011-06-17,76.08
2011-06-18,82.35
2011-06-19,81.22
2011-06-20,79.73
2011-06-21,81.07
2011-06-22,77.74
2011-06-23,71.48
2011-06-24,68.99
2011-06-25,79.05
2011-06-26,78.29
2011-06-27,81.87
2011-06-28,82.07
2011-06-29,80.59
2011-06-30,80.67
2011-07-01,81.43
2011-07-02,84.63
2011-07-03,74.33
2011-07-04,86.04
2011-07-05,87.71
2011-07-06,88.53
2011-07-07,89.68
2011-07-08,83.56
2011-07-09,86.55
2011-07-10,84.99
2011-07-11,90.45
2011-07-12,92.32
2011-07-13,84.63
2011-07-14,81.05
2011-07-15,84.45
2011-07-16,87.67
2011-07-17,88.93
2011-07-18,92.01
2011-07-19,89.72
2011-07-20,87.57
2011-07-21,96.48
2011-07-22,101.43
2011-07-23,95.99
2011-07-24,87.41
2011-07-25,77.93
2011-07-26,88.7
2011-07-27,82.84
2011-07-28,85.52
2011-07-29,84.1
2011-07-30,89.93
2011-07-31,88.8
2011-08-01,89.99
2011-08-02,88.53
2011-08-03,84.1
2011-08-04,80.51
2011-08-05,82.88
2011-08-06,82.18
2011-08-07,88.24
2011-08-08,88.44
2011-08-09,81.67
2011-08-10,83.87
2011-08-11,80.32
2011-08-12,82.24
2011-08-13,84.06
2011-08-14,69.78
2011-08-15,75.83
2011-08-16,76.71
2011-08-17,84.36
2011-08-18,82.38
2011-08-19,82.82
2011-08-20,84.14
2011-08-21,82.82
2011-08-22,77.05
2011-08-23,77.83
2011-08-24,79.53
2011-08-25,76.86
2011-08-26,82.66
2011-08-27,76.1
2011-08-28,73.73
2011-08-29,76.56
2011-08-30,80.17
2011-08-31,82.55
2011-09-01,81.08
2011-09-02,76.55
2011-09-03,82.09
2011-09-04,84.06
2011-09-05,80.5
2011-09-06,62.92
2011-09-07,67.74
2011-09-08,77.17
2011-09-09,83.59
2011-09-10,78.99
2011-09-11,70.48
2011-09-12,80.34
2011-09-13,82.44
2011-09-14,83.96
2011-09-15,74.17
2011-09-16,65.65
2011-09-17,62.85
2011-09-18,66.54
2011-09-19,66.74
2011-09-20,68.07
2011-09-21,72.93
2011-09-22,78.88
2011-09-23,71.26
2011-09-24,75.56
2011-09-25,79.13
2011-09-26,79.74
2011-09-27,77.01
2011-09-28,72.31
2011-09-29,73.4
2011-09-30,76.27
2011-10-01,65.08
2011-10-02,63.41
2011-10-03,57.68
2011-10-04,63.33
2011-10-05,71.63
2011-10-06,67.42
2011-10-07,65.52
2011-10-08,77.95
2011-10-09,84.02
2011-10-10,81.42
2011-10-11,72.6
2011-10-12,60.6
2011-10-13,64.72
2011-10-14,69.69
2011-10-15,65.08
2011-10-16,66.85
2011-10-17,66.23
2011-10-18,68.6
2011-10-19,61.2
2011-10-20,66.28
2011-10-21,56.42
2011-10-22,58.71
2011-10-23,59.5
2011-10-24,61.07
2011-10-25,62.77
2011-10-26,61.74
2011-10-27,56.1
2011-10-28,49.02
2011-10-29,42.82
2011-10-30,47.1
2011-10-31,52.11
2011-11-01,54.71
2011-11-02,57.36
2011-11-03,60.73
2011-11-04,52.72
2011-11-05,49.99
2011-11-06,55.01
2011-11-07,63.53
2011-11-08,68.33
2011-11-09,64.66
2011-11-10,66.72
2011-11-11,47.34
2011-11-12,56.83
2011-11-13,59.51
2011-11-14,68.53
2011-11-15,64.5
2011-11-16,56.99
2011-11-17,46.57
2011-11-18,45.67
2011-11-19,51.55
2011-11-20,64.55
2011-11-21,53.92
2011-11-22,48.28
2011-11-23,49.52
2011-11-24,54.3
2011-11-25,61.73
2011-11-26,65.51
2011-11-27,60.65
2011-11-28,67.61
2011-11-29,64.47
2011-11-30,50.12
2011-12-01,49.97
2011-12-02,52.06
2011-12-03,46.07
2011-12-04,54.09
2011-12-05,54.9
2011-12-06,59.25
2011-12-07,55.97
2011-12-08,44.54
2011-12-09,50.82
2011-12-10,42.99
2011-12-11,39.6
2011-12-12,42.44
2011-12-13,46.4
2011-12-14,49.55
2011-12-15,56.66
2011-12-16,48.96
2011-12-17,42.67
2011-12-18,30.28
2011-12-19,46.88
2011-12-20,45.63
2011-12-21,55.85
2011-12-22,56.81
2011-12-23,47.99
2011-12-24,36.48
2011-12-25,45.97
2011-12-26,44.98
2011-12-27,54.04
2011-12-28,44.49
2011-12-29,33.93
2011-12-30,49.93
2011-12-31,53.42
2012-01-01,51.66
2012-01-02,40.83
2012-01-03,27.71
2012-01-04,26.36
2012-01-05,39.33
2012-01-06,51.44
2012-01-07,61.1
2012-01-08,44.18
2012-01-09,40.09
2012-01-10,45.91
2012-01-11,46.39
2012-01-12,44.85
2012-01-13,46.54
2012-01-14,31.84
2012-01-15,24.22
2012-01-16,34.6
2012-01-17,44.28
2012-01-18,39.71
2012-01-19,34.48
2012-01-20,30.46
2012-01-21,25.94
2012-01-22,32.01
2012-01-23,49.2
2012-01-24,52.0
2012-01-25,43.54
2012-01-26,37.97
2012-01-27,56.13
2012-01-28,45.65
2012-01-29,43.37
2012-01-30,38.49
2012-01-31,58.52
2012-02-01,61.7
2012-02-02,43.68
2012-02-03,43.64
2012-02-04,45.36
2012-02-05,39.84
2012-02-06,51.44
2012-02-07,47.7
2012-02-08,35.92
2012-02-09,45.92
2012-02-10,44.98
2012-02-11,37.72
2012-02-12,31.45
2012-02-13,43.07
2012-02-14,46.15
2012-02-15,45.01
2012-02-16,40.9
2012-02-17,50.07
2012-02-18,46.85
2012-02-19,43.81
2012-02-20,44.93
2012-02-21,45.18
2012-02-22,56.35
2012-02-23,56.68
2012-02-24,42.35
2012-02-25,43.16
2012-02-26,43.12
2012-02-27,55.67
2012-02-28,48.65
2012-02-29,41.67
2012-03-01,40.77
2012-03-02,40.66
2012-03-03,56.48
2012-03-04,43.58
2012-03-05,43.36
2012-03-06,43.57
2012-03-07,61.17
2012-03-08,69.92
2012-03-09,49.05
2012-03-10,41.72
2012-03-11,59.73
2012-03-12,69.39
2012-03-13,73.35
2012-03-14,69.91
2012-03-15,49.1
2012-03-16,50.0
2012-03-17,60.99
2012-03-18,64.36
2012-03-19,73.98
2012-03-20,71.67
2012-03-21,66.53
2012-03-22,75.69
2012-03-23,74.22
2012-03-24,61.33
2012-03-25,52.03
2012-03-26,53.12
2012-03-27,51.25
2012-03-28,66.97
2012-03-29,55.58
2012-03-30,55.51
2012-03-31,41.98
2012-04-01,50.9
2012-04-02,56.08
2012-04-03,64.13
2012-04-04,67.37
2012-04-05,57.15
2012-04-06,57.5
2012-04-07,60.42
2012-04-08,66.64
2012-04-09,62.79
2012-04-10,58.43
2012-04-11,51.87
2012-04-12,58.07
2012-04-13,64.35
2012-04-14,71.19
2012-04-15,76.13
2012-04-16,86.14
2012-04-17,78.41
2012-04-18,60.29
2012-04-19,68.2
2012-04-20,68.94
2012-04-21,71.62
2012-04-22,50.98
2012-04-23,51.61
2012-04-24,58.4
2012-04-25,59.69
2012-04-26,59.48
2012-04-27,50.72
2012-04-28,59.22
2012-04-29,63.28
2012-04-30,59.93
2012-05-01,68.58
2012-05-02,52.43
2012-05-03,57.16
2012-05-04,74.55
2012-05-05,62.85
2012-05-06,63.73
2012-05-07,63.64
2012-05-08,65.88
2012-05-09,67.52
2012-05-10,62.58
2012-05-11,69.45
2012-05-12,78.55
2012-05-13,80.3
2012-05-14,68.3
2012-05-15,64.82
2012-05-16,78.45
2012-05-17,71.55
2012-05-18,70.17
2012-05-19,78.59
2012-05-20,77.79
2012-05-21,62.26
2012-05-22,69.36
2012-05-23,73.57
2012-05-24,66.13
2012-05-25,74.5
2012-05-26,85.51
2012-05-27,81.23
2012-05-28,89.11
2012-05-29,89.74
2012-05-30,77.58
2012-05-31,79.24
2012-06-01,71.77
2012-06-02,75.07
2012-06-03,75.34
2012-06-04,61.89
2012-06-05,63.19
2012-06-06,70.45
2012-06-07,76.02
2012-06-08,81.1
2012-06-09,78.43
2012-06-10,82.94
2012-06-11,75.33
2012-06-12,71.73
2012-06-13,70.9
2012-06-14,75.13
2012-06-15,78.26
2012-06-16,77.82
2012-06-17,69.77
2012-06-18,69.63
2012-06-19,77.32
2012-06-20,95.51
2012-06-21,95.72
2012-06-22,91.36
2012-06-23,84.14
2012-06-24,83.17
2012-06-25,73.75
2012-06-26,72.61
2012-06-27,82.42
2012-06-28,88.66
2012-06-29,95.02
2012-06-30,93.26
2012-07-01,93.28
2012-07-02,86.5
2012-07-03,88.82
2012-07-04,91.67
2012-07-05,93.13
2012-07-06,90.99
2012-07-07,94.46
2012-07-08,90.08
2012-07-09,83.72
2012-07-10,84.23
2012-07-11,83.88
2012-07-12,87.4
2012-07-13,86.95
2012-07-14,84.59
2012-07-15,87.14
2012-07-16,90.16
2012-07-17,94.42
2012-07-18,98.89
2012-07-19,74.82
2012-07-20,67.57
2012-07-21,76.77
2012-07-22,81.48
2012-07-23,85.48
2012-07-24,91.31
2012-07-25,84.78
2012-07-26,89.76
2012-07-27,87.72
2012-07-28,76.94
2012-07-29,78.44
2012-07-30,79.79
2012-07-31,77.87
2012-08-01,79.06
2012-08-02,87.83
2012-08-03,90.09
2012-08-04,88.83
2012-08-05,90.3
2012-08-06,85.54
2012-08-07,82.3
2012-08-08,86.1
2012-08-09,87.65
2012-08-10,80.0
2012-08-11,85.8
2012-08-12,85.4
2012-08-13,84.19
2012-08-14,77.92
2012-08-15,80.79
2012-08-16,84.08
2012-08-17,87.74
2012-08-18,78.43
2012-08-19,73.85
2012-08-20,78.76
2012-08-21,80.42
2012-08-22,81.48
2012-08-23,83.88
2012-08-24,85.55
2012-08-25,82.61
2012-08-26,80.61
2012-08-27,79.6
2012-08-28,85.65
2012-08-29,78.07
2012-08-30,82.44
2012-08-31,90.58
2012-09-01,88.0
2012-09-02,79.63
2012-09-03,75.89
2012-09-04,78.65
2012-09-05,80.68
2012-09-06,79.47
2012-09-07,86.05
2012-09-08,83.13
2012-09-09,76.65
2012-09-10,71.67
2012-09-11,72.92
2012-09-12,78.74
2012-09-13,79.11
2012-09-14,79.24
2012-09-15,72.21
2012-09-16,73.24
2012-09-17,76.85
2012-09-18,75.8
2012-09-19,69.21
2012-09-20,67.6
2012-09-21,72.3
2012-09-22,75.14
2012-09-23,67.34
2012-09-24,65.78
2012-09-25,72.47
2012-09-26,74.18
2012-09-27,73.8
2012-09-28,69.21
2012-09-29,63.74
2012-09-30,66.76
2012-10-01,70.51
2012-10-02,67.7
2012-10-03,70.28
2012-10-04,72.8
2012-10-05,78.28
2012-10-06,75.64
2012-10-07,52.96
2012-10-08,54.52
2012-10-09,57.78
2012-10-10,66.04
2012-10-11,59.69
2012-10-12,55.29
2012-10-13,53.2
2012-10-14,70.8
2012-10-15,70.21
2012-10-16,58.41
2012-10-17,62.1
2012-10-18,65.15
2012-10-19,66.69
2012-10-20,69.81
2012-10-21,64.66
2012-10-22,67.78
2012-10-23,62.76
2012-10-24,59.1
2012-10-25,61.43
2012-10-26,65.1
2012-10-27,64.44
2012-10-28,58.1
2012-10-29,61.64
2012-10-30,54.07
2012-10-31,49.57
2012-11-01,51.52
2012-11-02,52.22
2012-11-03,50.09
2012-11-04,50.1
2012-11-05,44.98
2012-11-06,42.65
2012-11-07,39.63
2012-11-08,47.08
2012-11-09,53.54
2012-11-10,54.27
2012-11-11,63.72
2012-11-12,65.33
2012-11-13,49.68
2012-11-14,47.45
2012-11-15,44.67
2012-11-16,46.85
2012-11-17,52.16
2012-11-18,48.71
2012-11-19,47.98
2012-11-20,50.0
2012-11-21,53.22
2012-11-22,54.15
2012-11-23,55.7
2012-11-24,42.46
2012-11-25,40.57
2012-11-26,48.07
2012-11-27,38.29
2012-11-28,40.58
2012-11-29,43.42
2012-11-30,45.24
2012-12-01,39.71
2012-12-02,49.06
2012-12-03,61.1
2012-12-04,60.4
2012-12-05,53.3
2012-12-06,40.42
2012-12-07,41.58
2012-12-08,49.62
2012-12-09,45.53
2012-12-10,56.22
2012-12-11,47.13
2012-12-12,43.21
2012-12-13,44.88
2012-12-14,49.31
2012-12-15,46.71
2012-12-16,45.67
2012-12-17,42.61
2012-12-18,53.86
2012-12-19,47.07
2012-12-20,42.54
2012-12-21,55.46
2012-12-22,38.41
2012-12-23,42.17
2012-12-24,38.93
2012-12-25,40.28
2012-12-26,34.76
2012-12-27,38.86
2012-12-28,37.32
2012-12-29,33.25
2012-12-30,34.49
2012-12-31,38.08
2013-01-01,39.32
2013-01-02,32.83
2013-01-03,32.93
2013-01-04,37.71
2013-01-05,42.55
2013-01-06,46.12
2013-01-07,44.78
2013-01-08,48.17
2013-01-09,46.8
2013-01-10,47.65
2013-01-11,42.56
2013-01-12,46.48
2013-01-13,47.05
2013-01-14,55.22
2013-01-15,38.4
2013-01-16,35.14
2013-01-17,42.92
2013-01-18,29.52
2013-01-19,50.2
2013-01-20,52.83
2013-01-21,30.99
2013-01-22,21.61
2013-01-23,18.88
2013-01-24,23.12
2013-01-25,23.76
2013-01-26,27.5
2013-01-27,34.1
2013-01-28,33.98
2013-01-29,49.06
2013-01-30,53.93
2013-01-31,51.34
2013-02-01,30.68
2013-02-02,28.93
2013-02-03,30.56
2013-02-04,29.85
2013-02-05,30.29
2013-02-06,38.52
2013-02-07,31.61
2013-02-08,33.87
2013-02-09,32.39
2013-02-10,35.76
2013-02-11,41.28
2013-02-12,44.01
2013-02-13,42.74
2013-02-14,45.45
2013-02-15,53.14
2013-02-16,38.13
2013-02-17,30.97
2013-02-18,34.98
2013-02-19,46.09
2013-02-20,31.47
2013-02-21,33.86
2013-02-22,37.31
2013-02-23,41.31
2013-02-24,45.88
2013-02-25,43.67
2013-02-26,42.82
2013-02-27,46.21
2013-02-28,48.41
2013-03-01,44.14
2013-03-02,39.07
2013-03-03,39.18
2013-03-04,40.17
2013-03-05,47.57
2013-03-06,41.09
2013-03-07,37.84
2013-03-08,40.25
2013-03-09,54.91
2013-03-10,47.64
2013-03-11,53.25
2013-03-12,54.02
2013-03-13,49.82
2013-03-14,40.55
2013-03-15,45.7
2013-03-16,37.25
2013-03-17,37.5
2013-03-18,34.69
2013-03-19,43.74
2013-03-20,44.25
2013-03-21,38.09
2013-03-22,40.42
2013-03-23,44.92
2013-03-24,46.22
2013-03-25,39.02
2013-03-26,50.24
2013-03-27,51.31
2013-03-28,48.49
2013-03-29,53.72
2013-03-30,57.86
2013-03-31,54.4
2013-04-01,61.18
2013-04-02,43.28
2013-04-03,45.85
2013-04-04,52.27
2013-04-05,62.22
2013-04-06,51.5
2013-04-07,55.98
2013-04-08,72.62
2013-04-09,81.57
2013-04-10,72.78
2013-04-11,60.44
2013-04-12,43.52
2013-04-13,56.75
2013-04-14,56.46
2013-04-15,56.42
2013-04-16,62.27
2013-04-17,69.3
2013-04-18,57.69
2013-04-19,71.09
2013-04-20,58.65
2013-04-21,52.95
2013-04-22,52.34
2013-04-23,51.19
2013-04-24,68.06
2013-04-25,64.47
2013-04-26,65.3
2013-04-27,68.46
2013-04-28,68.25
2013-04-29,55.4
2013-04-30,64.86
2013-05-01,65.81
2013-05-02,70.1
2013-05-03,63.07
2013-05-04,65.38
2013-05-05,60.09
2013-05-06,66.47
2013-05-07,71.81
2013-05-08,63.7
2013-05-09,66.15
2013-05-10,78.84
2013-05-11,69.61
2013-05-12,67.4
2013-05-13,54.91
2013-05-14,60.9
2013-05-15,68.02
2013-05-16,79.8
2013-05-17,72.58
2013-05-18,64.45
2013-05-19,57.65
2013-05-20,78.66
2013-05-21,86.36
2013-05-22,78.47
2013-05-23,76.21
2013-05-24,64.21
2013-05-25,53.4
2013-05-26,66.15
2013-05-27,74.05
2013-05-28,66.74
2013-05-29,83.27
2013-05-30,91.43
2013-05-31,91.31
2013-06-01,89.8
2013-06-02,86.94
2013-06-03,77.01
2013-06-04,74.81
2013-06-05,72.25
2013-06-06,69.46
2013-06-07,61.97
2013-06-08,75.4
2013-06-09,79.99
2013-06-10,68.53
2013-06-11,79.32
2013-06-12,75.77
2013-06-13,64.29
2013-06-14,72.12
2013-06-15,79.82
2013-06-16,80.94
2013-06-17,84.66
2013-06-18,81.98
2013-06-19,75.6
2013-06-20,78.29
2013-06-21,81.4
2013-06-22,82.55
2013-06-23,86.77
2013-06-24,92.36
2013-06-25,91.13
2013-06-26,85.22
2013-06-27,84.54
2013-06-28,85.5
2013-06-29,83.43
2013-06-30,82.89
2013-07-01,75.35
2013-07-02,81.79
2013-07-03,83.21
2013-07-04,88.83
2013-07-05,90.15
2013-07-06,92.44
2013-07-07,92.76
2013-07-08,88.38
2013-07-09,87.53
2013-07-10,85.91
2013-07-11,84.22
2013-07-12,76.41
2013-07-13,78.32
2013-07-14,90.22
2013-07-15,93.37
2013-07-16,92.67
2013-07-17,94.19
2013-07-18,96.56
2013-07-19,96.22
2013-07-20,92.02
2013-07-21,85.97
2013-07-22,81.42
2013-07-23,86.56
2013-07-24,80.48
2013-07-25,66.61
2013-07-26,81.24
2013-07-27,82.19
2013-07-28,77.76
2013-07-29,83.48
2013-07-30,79.33
2013-07-31,80.67
2013-08-01,74.05
2013-08-02,83.11
2013-08-03,77.43
2013-08-04,78.79
2013-08-05,77.31
2013-08-06,79.71
2013-08-07,77.52
2013-08-08,80.48
2013-08-09,84.85
2013-08-10,82.38
2013-08-11,80.08
2013-08-12,80.49
2013-08-13,76.41
2013-08-14,73.15
2013-08-15,76.27
2013-08-16,78.4
2013-08-17,80.14
2013-08-18,75.74
2013-08-19,78.05
2013-08-20,86.14
2013-08-21,87.78
2013-08-22,75.55
2013-08-23,79.75
2013-08-24,77.85
2013-08-25,81.47
2013-08-26,80.1
2013-08-27,85.19
2013-08-28,83.3
2013-08-29,78.27
2013-08-30,83.95
2013-08-31,84.63
2013-09-01,82.73
2013-09-02,79.08
2013-09-03,80.15
2013-09-04,80.44
2013-09-05,76.21
2013-09-06,69.97
2013-09-07,77.68
2013-09-08,79.5
2013-09-09,70.76
2013-09-10,84.69
2013-09-11,93.23
2013-09-12,83.82
2013-09-13,74.68
2013-09-14,65.06
2013-09-15,71.12
2013-09-16,70.26
2013-09-17,63.64
2013-09-18,70.52
2013-09-19,75.23
2013-09-20,76.97
2013-09-21,75.36
2013-09-22,66.92
2013-09-23,64.58
2013-09-24,72.02
2013-09-25,70.68
2013-09-26,67.52
2013-09-27,66.11
2013-09-28,71.58
2013-09-29,69.59
2013-09-30,71.35
2013-10-01,79.38
2013-10-02,82.21
2013-10-03,76.65
2013-10-04,83.75
2013-10-05,74.65
2013-10-06,67.1
2013-10-07,74.71
2013-10-08,66.12
2013-10-09,61.65
2013-10-10,62.22
2013-10-11,66.88
2013-10-12,71.26
2013-10-13,63.43
2013-10-14,64.75
2013-10-15,69.63
2013-10-16,65.55
2013-10-17,72.6
2013-10-18,67.21
2013-10-19,62.87
2013-10-20,62.28
2013-10-21,66.32
2013-10-22,64.55
2013-10-23,53.3
2013-10-24,53.23
2013-10-25,52.31
2013-10-26,54.75
2013-10-27,56.97
2013-10-28,60.97
2013-10-29,54.35
2013-10-30,58.2
2013-10-31,62.7
2013-11-01,68.16
2013-11-02,66.33
2013-11-03,49.28
2013-11-04,44.74
2013-11-05,53.49
2013-11-06,59.73
2013-11-07,61.91
2013-11-08,47.8
2013-11-09,49.02
2013-11-10,58.93
2013-11-11,51.78
2013-11-12,37.07
2013-11-13,38.73
2013-11-14,52.01
2013-11-15,55.96
2013-11-16,58.69
2013-11-17,58.21
2013-11-18,64.33
2013-11-19,46.54
2013-11-20,43.52
2013-11-21,49.83
2013-11-22,55.95
2013-11-23,45.39
2013-11-24,28.99
2013-11-25,35.0
2013-11-26,38.56
2013-11-27,59.41
2013-11-28,34.25
2013-11-29,37.32
2013-11-30,35.57
2013-12-01,47.88
2013-12-02,47.23
2013-12-03,52.49
2013-12-04,49.57
2013-12-05,54.69
2013-12-06,52.32
2013-12-07,39.65
2013-12-08,31.97
2013-12-09,37.59
2013-12-10,34.65
2013-12-11,32.64
2013-12-12,26.86
2013-12-13,34.55
2013-12-14,25.01
2013-12-15,37.93
2013-12-16,29.33
2013-12-17,28.83
2013-12-18,36.35
2013-12-19,43.75
2013-12-20,49.76
2013-12-21,58.61
2013-12-22,67.14
2013-12-23,57.48
2013-12-24,39.16
2013-12-25,27.3
2013-12-26,35.22
2013-12-27,39.43
2013-12-28,53.66
2013-12-29,44.03
2013-12-30,42.73
2013-12-31,30.92
2014-01-01,32.25
2014-01-02,26.79
2014-01-03,16.68
2014-01-04,25.22
2014-01-05,33.83
2014-01-06,53.46
2014-01-07,9.61
2014-01-08,21.09
2014-01-09,31.81
2014-01-10,33.88
2014-01-11,55.6
2014-01-12,44.18
2014-01-13,49.1
2014-01-14,46.27
2014-01-15,44.62
2014-01-16,38.91
2014-01-17,43.44
2014-01-18,37.44
2014-01-19,35.08
2014-01-20,44.15
2014-01-21,24.4
2014-01-22,16.47
2014-01-23,19.94
2014-01-24,19.33
2014-01-25,26.51
2014-01-26,23.13
2014-01-27,41.77
2014-01-28,17.88
2014-01-29,22.73
2014-01-30,28.18
2014-01-31,38.47
2014-02-01,43.71
2014-02-02,52.85
2014-02-03,32.02
2014-02-04,34.16
2014-02-05,33.38
2014-02-06,28.78
2014-02-07,32.58
2014-02-08,28.7
2014-02-09,28.87
2014-02-10,28.26
2014-02-11,25.43
2014-02-12,24.04
2014-02-13,33.39
2014-02-14,39.41
2014-02-15,35.96
2014-02-16,28.64
2014-02-17,32.0
2014-02-18,38.73
2014-02-19,41.54
2014-02-20,48.66
2014-02-21,43.65
2014-02-22,53.49
2014-02-23,52.76
2014-02-24,35.95
2014-02-25,31.55
2014-02-26,29.83
2014-02-27,30.42
2014-02-28,23.48
2014-03-01,36.78
2014-03-02,39.26
2014-03-03,21.47
2014-03-04,28.34
2014-03-05,35.78
2014-03-06,29.14
2014-03-07,36.01
2014-03-08,55.18
2014-03-09,42.35
2014-03-10,50.1
2014-03-11,63.88
2014-03-12,52.5
2014-03-13,27.37
2014-03-14,44.16
2014-03-15,56.42
2014-03-16,35.83
2014-03-17,32.49
2014-03-18,41.06
2014-03-19,41.78
2014-03-20,52.39
2014-03-21,50.67
2014-03-22,62.74
2014-03-23,41.21
2014-03-24,33.76
2014-03-25,38.0
2014-03-26,34.84
2014-03-27,42.22
2014-03-28,56.02
2014-03-29,47.24
2014-03-30,45.74
2014-03-31,53.69
2014-04-01,58.62
2014-04-02,52.72
2014-04-03,63.81
2014-04-04,42.58
2014-04-05,53.29
2014-04-06,59.54
2014-04-07,50.65
2014-04-08,64.31
2014-04-09,60.13
2014-04-10,58.34
2014-04-11,73.79
2014-04-12,71.08
2014-04-13,77.39
2014-04-14,75.23
2014-04-15,61.16
2014-04-16,46.78
2014-04-17,46.27
2014-04-18,47.16
2014-04-19,65.84
2014-04-20,54.81
2014-04-21,64.98
2014-04-22,70.41
2014-04-23,58.67
2014-04-24,61.02
2014-04-25,60.25
2014-04-26,64.66
2014-04-27,56.61
2014-04-28,63.87
2014-04-29,47.58
2014-04-30,46.52
2014-05-01,76.25
2014-05-02,66.56
2014-05-03,67.94
2014-05-04,62.33
2014-05-05,67.64
2014-05-06,67.55
2014-05-07,67.78
2014-05-08,56.6
2014-05-09,60.63
2014-05-10,81.2
2014-05-11,80.25
2014-05-12,82.49
2014-05-13,67.65
2014-05-14,68.0
2014-05-15,70.14
2014-05-16,67.28
2014-05-17,68.23
2014-05-18,64.24
2014-05-19,70.06
2014-05-20,77.39
2014-05-21,73.39
2014-05-22,62.04
2014-05-23,67.11
2014-05-24,67.43
2014-05-25,79.52
2014-05-26,86.11
2014-05-27,85.63
2014-05-28,58.45
2014-05-29,63.78
2014-05-30,74.81
2014-05-31,70.16
2014-06-01,76.1
2014-06-02,80.25
2014-06-03,86.37
2014-06-04,80.95
2014-06-05,75.18
2014-06-06,74.99
2014-06-07,81.23
2014-06-08,84.59
2014-06-09,67.12
2014-06-10,75.64
2014-06-11,67.65
2014-06-12,69.57
2014-06-13,78.97
2014-06-14,73.08
2014-06-15,79.31
2014-06-16,80.25
2014-06-17,88.39
2014-06-18,87.85
2014-06-19,76.75
2014-06-20,79.29
2014-06-21,76.04
2014-06-22,77.23
2014-06-23,80.96
2014-06-24,80.44
2014-06-25,84.25
2014-06-26,84.46
2014-06-27,81.04
2014-06-28,85.35
2014-06-29,81.9
2014-06-30,83.2
2014-07-01,87.75
2014-07-02,89.7
2014-07-03,86.82
2014-07-04,72.01
2014-07-05,81.2
2014-07-06,84.53
2014-07-07,89.75
2014-07-08,91.04
2014-07-09,86.87
2014-07-10,81.88
2014-07-11,83.42
2014-07-12,84.49
2014-07-13,81.81
2014-07-14,82.73
2014-07-15,83.09
2014-07-16,80.51
2014-07-17,79.47
2014-07-18,80.55
2014-07-19,76.04
2014-07-20,76.91
2014-07-21,83.04
2014-07-22,86.17
2014-07-23,88.47
2014-07-24,79.62
2014-07-25,81.3
2014-07-26,79.23
2014-07-27,85.86
2014-07-28,81.71
2014-07-29,74.95
2014-07-30,78.67
2014-07-31,81.59
2014-08-01,82.61
2014-08-02,73.07
2014-08-03,74.92
2014-08-04,82.68
2014-08-05,87.32
2014-08-06,82.48
2014-08-07,81.48
2014-08-08,80.77
2014-08-09,83.84
2014-08-10,85.6
2014-08-11,84.71
2014-08-12,77.57
2014-08-13,81.24
2014-08-14,76.81
2014-08-15,71.18
2014-08-16,77.89
2014-08-17,80.7
2014-08-18,79.93
2014-08-19,80.09
2014-08-20,82.0
2014-08-21,78.76
2014-08-22,74.69
2014-08-23,72.83
2014-08-24,77.96
2014-08-25,85.63
2014-08-26,85.45
2014-08-27,89.17
2014-08-28,79.19
2014-08-29,77.36
2014-08-30,76.73
2014-08-31,88.45
2014-09-01,86.48
2014-09-02,90.69
2014-09-03,83.72
2014-09-04,85.87
2014-09-05,84.25
2014-09-06,89.89
2014-09-07,78.49
2014-09-08,74.33
2014-09-09,71.48
2014-09-10,75.53
2014-09-11,81.01
2014-09-12,75.52
2014-09-13,67.06
2014-09-14,69.03
2014-09-15,70.66
2014-09-16,68.22
2014-09-17,71.22
2014-09-18,74.19
2014-09-19,64.26
2014-09-20,73.19
2014-09-21,75.01
2014-09-22,68.96
2014-09-23,71.19
2014-09-24,70.06
2014-09-25,62.48
2014-09-26,76.11
2014-09-27,81.72
2014-09-28,82.74
2014-09-29,76.77
2014-09-30,68.63
2014-10-01,63.88
2014-10-02,67.11
2014-10-03,68.47
2014-10-04,67.34
2014-10-05,59.73
2014-10-06,68.98
2014-10-07,70.86
2014-10-08,71.42
2014-10-09,66.66
2014-10-10,61.73
2014-10-11,53.93
2014-10-12,61.69
2014-10-13,63.53
2014-10-14,75.05
2014-10-15,74.97
2014-10-16,69.7
2014-10-17,70.96
2014-10-18,68.14
2014-10-19,53.09
2014-10-20,59.34
2014-10-21,63.97
2014-10-22,55.66
2014-10-23,52.55
2014-10-24,62.81
2014-10-25,66.9
2014-10-26,60.62
2014-10-27,63.01
2014-10-28,69.78
2014-10-29,69.83
2014-10-30,56.99
2014-10-31,53.26
2014-11-01,46.74
2014-11-02,47.19
2014-11-03,60.3
2014-11-04,68.7
2014-11-05,62.85
2014-11-06,50.23
2014-11-07,51.36
2014-11-08,47.29
2014-11-09,56.24
2014-11-10,60.53
2014-11-11,63.38
2014-11-12,62.7
2014-11-13,47.17
2014-11-14,41.4
2014-11-15,41.23
2014-11-16,42.44
2014-11-17,48.08
2014-11-18,31.52
2014-11-19,32.39
2014-11-20,44.71
2014-11-21,35.73
2014-11-22,42.18
2014-11-23,55.58
2014-11-24,68.43
2014-11-25,58.1
2014-11-26,43.45
2014-11-27,36.7
2014-11-28,35.69
2014-11-29,34.8
2014-11-30,49.92
2014-12-01,62.23
2014-12-02,39.99
2014-12-03,45.43
2014-12-04,44.43
2014-12-05,41.51
2014-12-06,46.22
2014-12-07,40.4
2014-12-08,31.5
2014-12-09,41.27
2014-12-10,39.66
2014-12-11,36.09
2014-12-12,36.73
2014-12-13,42.66
2014-12-14,44.74
2014-12-15,47.43
2014-12-16,45.84
2014-12-17,51.72
2014-12-18,40.9
2014-12-19,36.82
2014-12-20,32.41
2014-12-21,35.34
2014-12-22,42.81
2014-12-23,45.64
2014-12-24,52.21
2014-12-25,51.21
2014-12-26,49.02
2014-12-27,54.47
2014-12-28,52.16
2014-12-29,42.45
2014-12-30,32.46
2014-12-31,31.33
2015-01-01,37.82
2015-01-02,41.64
2015-01-03,38.02
2015-01-04,53.29
2015-01-05,39.35
2015-01-06,21.2
2015-01-07,22.9
2015-01-08,20.45
2015-01-09,31.62
2015-01-10,22.65
2015-01-11,35.92
2015-01-12,36.36
2015-01-13,28.9
2015-01-14,29.99
2015-01-15,33.58
2015-01-16,40.93
2015-01-17,28.51
2015-01-18,39.08
2015-01-19,40.4
2015-01-20,38.77
2015-01-21,33.23
2015-01-22,38.13
2015-01-23,38.38
2015-01-24,36.93
2015-01-25,41.35
2015-01-26,25.53
2015-01-27,27.42
2015-01-28,32.56
2015-01-29,31.17
2015-01-30,36.57
2015-01-31,25.37
2015-02-01,35.74
2015-02-02,30.98
2015-02-03,24.87
2015-02-04,38.14
2015-02-05,33.01
2015-02-06,26.33
2015-02-07,35.05
2015-02-08,36.44
2015-02-09,25.98
2015-02-10,37.86
2015-02-11,32.25
2015-02-12,37.68
2015-02-13,20.32
2015-02-14,29.64
2015-02-15,18.62
2015-02-16,19.79
2015-02-17,26.76
2015-02-18,30.12
2015-02-19,21.1
2015-02-20,18.57
2015-02-21,26.94
2015-02-22,42.03
2015-02-23,26.33
2015-02-24,21.15
2015-02-25,36.65
2015-02-26,25.89
2015-02-27,28.88
2015-02-28,28.88
2015-03-01,28.66
2015-03-02,37.65
2015-03-03,30.27
2015-03-04,44.9
2015-03-05,32.03
2015-03-06,27.06
2015-03-07,36.94
2015-03-08,47.24
2015-03-09,53.17
2015-03-10,51.68
2015-03-11,58.32
2015-03-12,45.98
2015-03-13,41.77
2015-03-14,47.46
2015-03-15,42.52
2015-03-16,50.01
2015-03-17,54.48
2015-03-18,37.16
2015-03-19,41.28
2015-03-20,35.49
2015-03-21,45.15
2015-03-22,39.92
2015-03-23,37.07
2015-03-24,42.79
2015-03-25,47.1
2015-03-26,54.18
2015-03-27,45.23
2015-03-28,38.25
2015-03-29,44.98
2015-03-30,51.67
2015-03-31,45.34
2015-04-01,50.43
2015-04-02,64.48
2015-04-03,62.14
2015-04-04,51.79
2015-04-05,59.71
2015-04-06,62.45
2015-04-07,53.26
2015-04-08,43.57
2015-04-09,42.08
2015-04-10,54.78
2015-04-11,55.92
2015-04-12,65.22
2015-04-13,68.24
2015-04-14,64.48
2015-04-15,69.69
2015-04-16,61.34
2015-04-17,70.41
2015-04-18,78.8
2015-04-19,59.13
2015-04-20,55.79
2015-04-21,65.36
2015-04-22,67.77
2015-04-23,48.48
2015-04-24,49.25
2015-04-25,58.84
2015-04-26,59.51
2015-04-27,59.26
2015-04-28,68.93
2015-04-29,75.07
2015-04-30,62.1
2015-05-01,59.34
2015-05-02,69.79
2015-05-03,76.33
2015-05-04,83.04
2015-05-05,81.68
2015-05-06,67.65
2015-05-07,77.71
2015-05-08,81.16
2015-05-09,66.36
2015-05-10,82.0
2015-05-11,81.89
2015-05-12,84.11
2015-05-13,66.72
2015-05-14,70.89
2015-05-15,72.87
2015-05-16,73.59
2015-05-17,82.06
2015-05-18,64.27
2015-05-19,78.98
2015-05-20,60.57
2015-05-21,60.65
2015-05-22,72.36
2015-05-23,68.42
2015-05-24,78.74
2015-05-25,84.4
2015-05-26,86.38
2015-05-27,81.9
2015-05-28,83.27
2015-05-29,81.27
2015-05-30,82.9
2015-05-31,82.38
2015-06-01,56.11
2015-06-02,54.25
2015-06-03,68.38
2015-06-04,64.4
2015-06-05,67.75
2015-06-06,75.01
2015-06-07,72.97
2015-06-08,78.6
2015-06-09,81.41
2015-06-10,80.85
2015-06-11,89.57
2015-06-12,86.67
2015-06-13,83.75
2015-06-14,85.52
2015-06-15,78.92
2015-06-16,75.59
2015-06-17,77.84
2015-06-18,68.8
2015-06-19,84.31
2015-06-20,67.82
2015-06-21,87.7
2015-06-22,87.18
2015-06-23,88.38
2015-06-24,82.42
2015-06-25,81.92
2015-06-26,78.46
2015-06-27,69.09
2015-06-28,71.48
2015-06-29,76.54
2015-06-30,80.91
2015-07-01,82.19
2015-07-02,78.93
2015-07-03,80.43
2015-07-04,74.73
2015-07-05,82.89
2015-07-06,81.62
2015-07-07,85.8
2015-07-08,86.42
2015-07-09,76.21
2015-07-10,82.88
2015-07-11,85.31
2015-07-12,86.92
2015-07-13,84.58
2015-07-14,78.17
2015-07-15,79.66
2015-07-16,78.45
2015-07-17,79.17
2015-07-18,84.45
2015-07-19,92.82
2015-07-20,92.08
2015-07-21,87.37
2015-07-22,82.11
2015-07-23,81.98
2015-07-24,82.89
2015-07-25,84.17
2015-07-26,86.64
2015-07-27,83.54
2015-07-28,91.08
2015-07-29,92.82
2015-07-30,85.03
2015-07-31,88.16
2015-08-01,87.55
2015-08-02,86.59
2015-08-03,89.96
2015-08-04,89.02
2015-08-05,85.51
2015-08-06,81.11
2015-08-07,81.51
2015-08-08,80.45
2015-08-09,82.1
2015-08-10,80.2
2015-08-11,78.34
2015-08-12,83.31
2015-08-13,81.71
2015-08-14,86.47
2015-08-15,90.94
2015-08-16,89.75
2015-08-17,91.81
2015-08-18,89.22
2015-08-19,84.82
2015-08-20,84.28
2015-08-21,84.92
2015-08-22,81.97
2015-08-23,81.77
2015-08-24,84.68
2015-08-25,86.53
2015-08-26,80.87
2015-08-27,78.07
2015-08-28,79.02
2015-08-29,83.42
2015-08-30,87.24
2015-08-31,89.35
2015-09-01,86.14
2015-09-02,87.97
2015-09-03,90.55
2015-09-04,80.72
2015-09-05,79.93
2015-09-06,83.25
2015-09-07,89.68
2015-09-08,93.84
2015-09-09,88.47
2015-09-10,74.49
2015-09-11,79.33
2015-09-12,76.43
2015-09-13,76.95
2015-09-14,73.93
2015-09-15,81.88
2015-09-16,85.06
2015-09-17,86.14
2015-09-18,83.68
2015-09-19,80.37
2015-09-20,76.37
2015-09-21,70.11
2015-09-22,69.07
2015-09-23,77.34
2015-09-24,79.05
2015-09-25,71.73
2015-09-26,68.72
2015-09-27,68.43
2015-09-28,77.04
2015-09-29,80.16
2015-09-30,75.71
2015-10-01,61.73
2015-10-02,51.15
2015-10-03,51.96
2015-10-04,62.21
2015-10-05,63.95
2015-10-06,71.53
2015-10-07,71.41
2015-10-08,67.82
2015-10-09,75.39
2015-10-10,63.21
2015-10-11,68.72
2015-10-12,75.44
2015-10-13,69.12
2015-10-14,65.93
2015-10-15,63.01
2015-10-16,61.88
2015-10-17,52.86
2015-10-18,47.54
2015-10-19,51.7
2015-10-20,69.82
2015-10-21,74.53
2015-10-22,72.84
2015-10-23,58.6
2015-10-24,54.57
2015-10-25,66.51
2015-10-26,57.94
2015-10-27,57.32
2015-10-28,65.6
2015-10-29,70.89
2015-10-30,59.24
2015-10-31,53.75
2015-11-01,63.59
2015-11-02,62.82
2015-11-03,73.79
2015-11-04,68.35
2015-11-05,67.97
2015-11-06,72.44
2015-11-07,62.2
2015-11-08,56.73
2015-11-09,58.88
2015-11-10,56.22
2015-11-11,57.94
2015-11-12,58.18
2015-11-13,57.55
2015-11-14,47.86
2015-11-15,58.32
2015-11-16,66.9
2015-11-17,49.36
2015-11-18,56.38
2015-11-19,61.18
2015-11-20,56.46
2015-11-21,49.78
2015-11-22,50.21
2015-11-23,42.18
2015-11-24,45.6
2015-11-25,48.69
2015-11-26,58.72
2015-11-27,64.11
2015-11-28,60.43
2015-11-29,47.51
2015-11-30,44.12
2015-12-01,49.06
2015-12-02,52.21
2015-12-03,48.84
2015-12-04,50.58
2015-12-05,50.86
2015-12-06,52.73
2015-12-07,54.14
2015-12-08,46.9
2015-12-09,50.99
2015-12-10,59.24
2015-12-11,58.95
2015-12-12,63.57
2015-12-13,66.11
2015-12-14,59.79
2015-12-15,59.4
2015-12-16,50.58
2015-12-17,56.37
2015-12-18,47.83
2015-12-19,38.74
2015-12-20,42.4
2015-12-21,51.42
2015-12-22,58.83
2015-12-23,56.88
2015-12-24,69.09
2015-12-25,62.45
2015-12-26,51.41
2015-12-27,60.01
2015-12-28,40.6
2015-12-29,43.04
2015-12-30,44.66
2015-12-31,46.77
2016-01-01,40.34
2016-01-02,39.45
2016-01-03,44.69
2016-01-04,29.48
2016-01-05,28.45
2016-01-06,40.94
2016-01-07,44.58
2016-01-08,43.07
2016-01-09,45.82
2016-01-10,59.3
2016-01-11,33.48
2016-01-12,42.68
2016-01-13,28.29
2016-01-14,36.27
2016-01-15,47.75
2016-01-16,50.38
2016-01-17,34.72
2016-01-18,26.78
2016-01-19,28.19
2016-01-20,36.49
2016-01-21,35.81
2016-01-22,28.53
2016-01-23,27.12
2016-01-24,34.29
2016-01-25,37.07
2016-01-26,46.98
2016-01-27,44.48
2016-01-28,42.46
2016-01-29,40.23
2016-01-30,39.23
2016-01-31,54.76
2016-02-01,58.26
2016-02-02,49.32
2016-02-03,55.15
2016-02-04,53.19
2016-02-05,39.08
2016-02-06,39.66
2016-02-07,45.8
2016-02-08,37.35
2016-02-09,34.33
2016-02-10,38.18
2016-02-11,24.89
2016-02-12,25.89
2016-02-13,21.27
2016-02-14,15.26
2016-02-15,27.55
2016-02-16,53.15
2016-02-17,38.75
2016-02-18,35.16
2016-02-19,35.79
2016-02-20,61.13
2016-02-21,54.8
2016-02-22,51.42
2016-02-23,39.24
2016-02-24,57.15
2016-02-25,52.21
2016-02-26,36.19
2016-02-27,40.72
2016-02-28,60.5
2016-02-29,59.58
2016-03-01,49.59
2016-03-02,48.98
2016-03-03,35.43
2016-03-04,38.19
2016-03-05,39.49
2016-03-06,43.9
2016-03-07,60.11
2016-03-08,64.41
2016-03-09,76.94
2016-03-10,77.32
2016-03-11,63.36
2016-03-12,57.83
2016-03-13,60.9
2016-03-14,46.32
2016-03-15,55.61
2016-03-16,64.05
2016-03-17,60.98
2016-03-18,55.73
2016-03-19,45.59
2016-03-20,40.9
2016-03-21,48.81
2016-03-22,54.67
2016-03-23,69.78
2016-03-24,52.22
2016-03-25,70.31
2016-03-26,52.27
2016-03-27,52.03
2016-03-28,60.76
2016-03-29,52.46
2016-03-30,53.94
2016-03-31,71.11
2016-04-01,77.71
2016-04-02,54.32
2016-04-03,40.23
2016-04-04,42.34
2016-04-05,41.33
2016-04-06,46.55
2016-04-07,57.14
2016-04-08,46.64
2016-04-09,42.55
2016-04-10,49.34
2016-04-11,62.71
2016-04-12,57.49
2016-04-13,55.31
2016-04-14,59.97
2016-04-15,62.83
2016-04-16,66.08
2016-04-17,72.35
2016-04-18,79.0
2016-04-19,69.49
2016-04-20,66.6
2016-04-21,72.59
2016-04-22,78.89
2016-04-23,68.94
2016-04-24,66.6
2016-04-25,66.53
2016-04-26,60.35
2016-04-27,59.37
2016-04-28,56.61
2016-04-29,54.81
2016-04-30,61.72
2016-05-01,48.68
2016-05-02,59.25
2016-05-03,53.41
2016-05-04,50.88
2016-05-05,56.7
2016-05-06,52.44
2016-05-07,57.73
2016-05-08,64.64
2016-05-09,71.85
2016-05-10,61.9
2016-05-11,74.58
2016-05-12,76.3
2016-05-13,64.13
2016-05-14,71.91
2016-05-15,55.41
2016-05-16,65.87
2016-05-17,65.59
2016-05-18,66.63
2016-05-19,69.57
2016-05-20,75.0
2016-05-21,63.75
2016-05-22,68.97
2016-05-23,75.0
2016-05-24,72.55
2016-05-25,87.97
2016-05-26,89.75
2016-05-27,85.73
2016-05-28,90.48
2016-05-29,86.67
2016-05-30,80.01
2016-05-31,83.01
2016-06-01,82.08
2016-06-02,74.33
2016-06-03,68.63
2016-06-04,82.28
2016-06-05,71.11
2016-06-06,83.45
2016-06-07,83.94
2016-06-08,66.34
2016-06-09,71.39
2016-06-10,76.89
2016-06-11,87.39
2016-06-12,82.86
2016-06-13,72.85
2016-06-14,78.99
2016-06-15,83.96
2016-06-16,72.67
2016-06-17,75.35
2016-06-18,84.18
2016-06-19,85.13
2016-06-20,82.84
2016-06-21,86.55
2016-06-22,84.23
2016-06-23,81.3
2016-06-24,80.47
2016-06-25,82.49
2016-06-26,83.85
2016-06-27,82.51
2016-06-28,74.5
2016-06-29,82.74
2016-06-30,83.95
2016-07-01,78.8
2016-07-02,75.98
2016-07-03,78.98
2016-07-04,82.8
2016-07-05,86.96
2016-07-06,90.7
2016-07-07,89.68
2016-07-08,85.08
2016-07-09,70.11
2016-07-10,79.21
2016-07-11,79.98
2016-07-12,82.47
2016-07-13,83.2
2016-07-14,87.98
2016-07-15,89.25
2016-07-16,89.28
2016-07-17,89.31
2016-07-18,91.95
2016-07-19,82.44
2016-07-20,82.51
2016-07-21,87.89
2016-07-22,93.52
2016-07-23,94.76
2016-07-24,91.36
2016-07-25,90.97
2016-07-26,89.73
2016-07-27,89.73
2016-07-28,91.53
2016-07-29,83.96
2016-07-30,82.9
2016-07-31,77.65
2016-08-01,77.64
2016-08-02,76.27
2016-08-03,79.54
2016-08-04,80.96
2016-08-05,82.63
2016-08-06,87.61
2016-08-07,86.22
2016-08-08,83.2
2016-08-09,86.22
2016-08-10,86.11
2016-08-11,92.35
2016-08-12,93.62
2016-08-13,95.07
2016-08-14,93.83
2016-08-15,89.68
2016-08-16,87.82
2016-08-17,84.14
2016-08-18,84.53
2016-08-19,85.84
2016-08-20,84.38
2016-08-21,85.83
2016-08-22,77.99
2016-08-23,80.83
2016-08-24,85.88
2016-08-25,84.78
2016-08-26,89.9
2016-08-27,86.57
2016-08-28,86.08
2016-08-29,89.13
2016-08-30,83.28
2016-08-31,85.16
2016-09-01,76.56
2016-09-02,79.2
2016-09-03,74.42
2016-09-04,79.29
2016-09-05,82.61
2016-09-06,78.91
2016-09-07,82.9
2016-09-08,87.88
2016-09-09,89.42
2016-09-10,88.49
2016-09-11,81.8
2016-09-12,76.51
2016-09-13,80.23
2016-09-14,89.21
2016-09-15,72.74
2016-09-16,72.47
2016-09-17,76.64
2016-09-18,81.6
2016-09-19,72.05
2016-09-20,80.73
2016-09-21,82.94
2016-09-22,83.32
2016-09-23,85.78
2016-09-24,70.05
2016-09-25,68.4
2016-09-26,71.37
2016-09-27,73.74
2016-09-28,67.29
2016-09-29,63.7
2016-09-30,59.37
2016-10-01,61.25
2016-10-02,62.49
2016-10-03,70.9
2016-10-04,68.37
2016-10-05,66.59
2016-10-06,72.08
2016-10-07,73.19
2016-10-08,67.71
2016-10-09,58.66
2016-10-10,63.02
2016-10-11,62.16
2016-10-12,65.61
2016-10-13,65.31
2016-10-14,61.88
2016-10-15,63.88
2016-10-16,69.79
2016-10-17,79.64
2016-10-18,81.54
2016-10-19,83.23
2016-10-20,69.35
2016-10-21,69.34
2016-10-22,49.66
2016-10-23,61.19
2016-10-24,60.91
2016-10-25,51.16
2016-10-26,49.61
2016-10-27,48.72
2016-10-28,47.4
2016-10-29,63.6
2016-10-30,75.03
2016-10-31,54.47
2016-11-01,58.57
2016-11-02,70.52
2016-11-03,71.81
2016-11-04,59.53
2016-11-05,61.23
2016-11-06,57.02
2016-11-07,53.88
2016-11-08,66.98
2016-11-09,54.36
2016-11-10,56.21
2016-11-11,61.18
2016-11-12,49.98
2016-11-13,61.24
2016-11-14,61.35
2016-11-15,49.48
2016-11-16,61.28
2016-11-17,61.04
2016-11-18,65.11
2016-11-19,60.76
2016-11-20,40.81
2016-11-21,39.97
2016-11-22,40.96
2016-11-23,44.66
2016-11-24,47.27
2016-11-25,52.72
2016-11-26,48.97
2016-11-27,49.23
2016-11-28,51.6
2016-11-29,58.33
2016-11-30,54.17
2016-12-01,53.33
2016-12-02,50.17
2016-12-03,46.67
2016-12-04,45.46
2016-12-05,48.09
2016-12-06,44.91
2016-12-07,44.79
2016-12-08,42.41
2016-12-09,38.45
2016-12-10,34.29
2016-12-11,33.62
2016-12-12,44.51
2016-12-13,42.43
2016-12-14,41.56
2016-12-15,26.05
2016-12-16,26.44
2016-12-17,34.89
2016-12-18,56.36
2016-12-19,28.45
2016-12-20,32.44
2016-12-21,39.58
2016-12-22,47.66
2016-12-23,46.2
2016-12-24,45.02
2016-12-25,49.35
2016-12-26,40.3
2016-12-27,59.32
2016-12-28,39.61
2016-12-29,43.36
2016-12-30,39.57
2016-12-31,42.83
2017-01-01,47.32
2017-01-02,39.71
2017-01-03,43.17
2017-01-04,50.85
2017-01-05,31.74
2017-01-06,32.35
2017-01-07,22.94
2017-01-08,24.02
2017-01-09,22.74
2017-01-10,35.33
2017-01-11,51.31
2017-01-12,63.89
2017-01-13,48.18
2017-01-14,31.94
2017-01-15,38.47
2017-01-16,42.94
2017-01-17,38.97
2017-01-18,40.75
2017-01-19,47.11
2017-01-20,43.39
2017-01-21,49.05
2017-01-22,48.0
2017-01-23,41.09
2017-01-24,38.48
2017-01-25,47.77
2017-01-26,52.47
2017-01-27,42.17
2017-01-28,37.73
2017-01-29,42.36
2017-01-30,36.27
2017-01-31,30.26
2017-02-01,46.29
2017-02-02,43.16
2017-02-03,32.83
2017-02-04,34.03
2017-02-05,40.24
2017-02-06,48.13
2017-02-07,38.08
2017-02-08,60.65
2017-02-09,29.29
2017-02-10,31.59
2017-02-11,46.11
2017-02-12,34.06
2017-02-13,36.64
2017-02-14,39.81
2017-02-15,47.24
2017-02-16,35.3
2017-02-17,41.28
2017-02-18,62.32
2017-02-19,64.64
2017-02-20,53.52
2017-02-21,45.63
2017-02-22,55.78
2017-02-23,64.05
2017-02-24,71.03
2017-02-25,64.48
2017-02-26,41.62
2017-02-27,52.46
2017-02-28,58.67
2017-03-01,66.41
2017-03-02,46.95
2017-03-03,37.68
2017-03-04,28.95
2017-03-05,35.7
2017-03-06,43.31
2017-03-07,50.61
2017-03-08,58.9
2017-03-09,60.64
2017-03-10,36.11
2017-03-11,27.78
2017-03-12,29.31
2017-03-13,35.0
2017-03-14,29.94
2017-03-15,25.5
2017-03-16,38.99
2017-03-17,45.87
2017-03-18,36.75
2017-03-19,47.02
2017-03-20,51.6
2017-03-21,58.64
2017-03-22,37.7
2017-03-23,42.13
2017-03-24,53.84
2017-03-25,57.58
2017-03-26,41.13
2017-03-27,52.74
2017-03-28,44.75
2017-03-29,57.97
2017-03-30,50.64
2017-03-31,39.94
2017-04-01,46.47
2017-04-02,61.96
2017-04-03,61.85
2017-04-04,50.03
2017-04-05,61.58
2017-04-06,48.32
2017-04-07,48.09
2017-04-08,56.05
2017-04-09,65.91
2017-04-10,77.12
2017-04-11,80.59
2017-04-12,74.42
2017-04-13,63.25
2017-04-14,63.77
2017-04-15,62.81
2017-04-16,84.74
2017-04-17,71.31
2017-04-18,62.84
2017-04-19,52.09
2017-04-20,64.73
2017-04-21,53.65
2017-04-22,54.82
2017-04-23,63.83
2017-04-24,59.13
2017-04-25,55.41
2017-04-26,60.62
2017-04-27,68.8
2017-04-28,83.71
2017-04-29,83.78
2017-04-30,61.45
2017-05-01,71.23
2017-05-02,72.91
2017-05-03,63.9
2017-05-04,61.17
2017-05-05,58.53
2017-05-06,63.92
2017-05-07,54.1
2017-05-08,56.6
2017-05-09,59.46
2017-05-10,61.3
2017-05-11,60.52
2017-05-12,60.37
2017-05-13,50.56
2017-05-14,66.16
2017-05-15,67.59
2017-05-16,78.97
2017-05-17,90.0
2017-05-18,92.77
2017-05-19,91.01
2017-05-20,62.97
2017-05-21,66.45
2017-05-22,59.75
2017-05-23,68.12
2017-05-24,68.52
2017-05-25,58.16
2017-05-26,73.41
2017-05-27,70.74
2017-05-28,70.23
2017-05-29,57.42
2017-05-30,59.12
2017-05-31,76.03
2017-06-01,78.56
2017-06-02,74.6
2017-06-03,73.29
2017-06-04,68.96
2017-06-05,67.42
2017-06-06,57.26
2017-06-07,67.16
2017-06-08,68.87
2017-06-09,81.25
2017-06-10,85.29
2017-06-11,91.11
2017-06-12,93.14
2017-06-13,94.76
2017-06-14,81.32
2017-06-15,74.79
2017-06-16,66.44
2017-06-17,71.91
2017-06-18,84.53
2017-06-19,86.19
2017-06-20,83.6
2017-06-21,83.84
2017-06-22,82.82
2017-06-23,82.59
2017-06-24,84.52
2017-06-25,82.57
2017-06-26,77.98
2017-06-27,76.56
2017-06-28,79.01
2017-06-29,82.19
2017-06-30,88.45
2017-07-01,81.91
2017-07-02,88.28
2017-07-03,87.41
2017-07-04,84.43
2017-07-05,83.08
2017-07-06,77.19
2017-07-07,80.51
2017-07-08,84.03
2017-07-09,81.83
2017-07-10,83.72
2017-07-11,84.53
2017-07-12,88.4
2017-07-13,90.77
2017-07-14,68.76
2017-07-15,83.63
2017-07-16,84.6
2017-07-17,83.76
2017-07-18,86.59
2017-07-19,91.44
2017-07-20,93.04
2017-07-21,90.43
2017-07-22,87.79
2017-07-23,78.47
2017-07-24,69.41
2017-07-25,69.92
2017-07-26,75.71
2017-07-27,76.4
2017-07-28,82.16
2017-07-29,75.77
2017-07-30,80.7
2017-07-31,87.18
2017-08-01,88.47
2017-08-02,84.93
2017-08-03,84.53
2017-08-04,84.43
2017-08-05,78.76
2017-08-06,74.93
2017-08-07,67.48
2017-08-08,78.14
2017-08-09,82.92
2017-08-10,83.77
2017-08-11,80.42
2017-08-12,77.05
2017-08-13,82.63
2017-08-14,80.2
2017-08-15,73.85
2017-08-16,84.65
2017-08-17,80.83
2017-08-18,82.08
2017-08-19,86.22
2017-08-20,82.17
2017-08-21,85.87
2017-08-22,89.04
2017-08-23,80.01
2017-08-24,78.8
2017-08-25,76.35
2017-08-26,75.99
2017-08-27,75.97
2017-08-28,73.91
2017-08-29,66.05
2017-08-30,77.69
2017-08-31,79.84
2017-09-01,69.91
2017-09-02,66.43
2017-09-03,69.68
2017-09-04,80.09
2017-09-05,85.17
2017-09-06,68.59
2017-09-07,71.85
2017-09-08,70.23
2017-09-09,67.86
2017-09-10,72.0
2017-09-11,76.33
2017-09-12,79.17
2017-09-13,80.48
2017-09-14,79.8
2017-09-15,80.62
2017-09-16,80.17
2017-09-17,79.15
2017-09-18,73.65
2017-09-19,75.92
2017-09-20,78.2
2017-09-21,79.58
2017-09-22,81.42
2017-09-23,86.42
2017-09-24,89.09
2017-09-25,87.51
2017-09-26,82.08
2017-09-27,85.16
2017-09-28,75.98
2017-09-29,66.92
2017-09-30,62.28
2017-10-01,67.07
2017-10-02,71.53
2017-10-03,69.07
2017-10-04,74.85
2017-10-05,81.51
2017-10-06,80.17
2017-10-07,79.32
2017-10-08,77.05
2017-10-09,74.48
2017-10-10,79.62
2017-10-11,73.45
2017-10-12,63.41
2017-10-13,64.8
2017-10-14,70.75
2017-10-15,72.07
2017-10-16,59.71
2017-10-17,59.48
2017-10-18,72.27
2017-10-19,70.92
2017-10-20,73.29
2017-10-21,77.94
2017-10-22,74.83
2017-10-23,72.44
2017-10-24,73.43
2017-10-25,64.63
2017-10-26,56.07
2017-10-27,62.34
2017-10-28,68.04
2017-10-29,64.72
2017-10-30,55.77
2017-10-31,56.64
2017-11-01,53.8
2017-11-02,71.88
2017-11-03,73.18
2017-11-04,55.71
2017-11-05,59.03
2017-11-06,65.45
2017-11-07,48.13
2017-11-08,48.34
2017-11-09,52.94
2017-11-10,38.59
2017-11-11,37.6
2017-11-12,45.9
2017-11-13,46.72
2017-11-14,46.02
2017-11-15,48.14
2017-11-16,56.31
2017-11-17,47.2
2017-11-18,49.71
2017-11-19,57.19
2017-11-20,46.16
2017-11-21,57.51
2017-11-22,51.38
2017-11-23,42.76
2017-11-24,50.41
2017-11-25,56.13
2017-11-26,46.61
2017-11-27,50.69
2017-11-28,50.83
2017-11-29,62.91
2017-11-30,48.78
2017-12-01,50.95
2017-12-02,47.36
2017-12-03,47.02
2017-12-04,49.44
2017-12-05,59.49
2017-12-06,46.37
2017-12-07,44.12
2017-12-08,37.57
2017-12-09,34.51
2017-12-10,38.45
2017-12-11,40.66
2017-12-12,48.31
2017-12-13,30.53
2017-12-14,31.41
2017-12-15,27.11
2017-12-16,37.07
2017-12-17,36.66
2017-12-18,44.58
2017-12-19,54.36
2017-12-20,43.43
2017-12-21,39.56
2017-12-22,44.68
2017-12-23,46.0
2017-12-24,39.38
2017-12-25,36.21
2017-12-26,27.54
2017-12-27,23.95
2017-12-28,17.87
2017-12-29,21.19
2017-12-30,22.4
2017-12-31,15.03
2018-01-01,18.18
2018-01-02,25.63
2018-01-03,28.14
2018-01-04,23.95
2018-01-05,15.14
2018-01-06,12.81
2018-01-07,18.08
2018-01-08,29.55
2018-01-09,42.9
2018-01-10,39.26
2018-01-11,49.57
2018-01-12,60.23
2018-01-13,41.72
2018-01-14,24.51
2018-01-15,29.36
2018-01-16,34.98
2018-01-17,33.96
2018-01-18,31.65
2018-01-19,37.28
2018-01-20,50.64
2018-01-21,49.87
2018-01-22,47.78
2018-01-23,58.01
2018-01-24,41.31
2018-01-25,34.0
2018-01-26,37.8
2018-01-27,52.97
2018-01-28,49.07
2018-01-29,43.11
2018-01-30,35.3
2018-01-31,31.84
2018-02-01,43.18
2018-02-02,29.0
2018-02-03,30.2
2018-02-04,39.48
2018-02-05,36.32
2018-02-06,36.17
2018-02-07,40.32
2018-02-08,31.36
2018-02-09,33.75
2018-02-10,45.4
2018-02-11,51.46
2018-02-12,43.64
2018-02-13,36.26
2018-02-14,51.35
2018-02-15,57.59
2018-02-16,57.27
2018-02-17,37.81
2018-02-18,43.97
2018-02-19,46.85
2018-02-20,66.46
2018-02-21,77.82
2018-02-22,45.02
2018-02-23,38.66
2018-02-24,52.75
2018-02-25,42.65
2018-02-26,51.25
2018-02-27,55.69
2018-02-28,60.06
2018-03-01,58.82
2018-03-02,37.46
2018-03-03,44.87
2018-03-04,42.39
2018-03-05,41.42
2018-03-06,45.62
2018-03-07,35.43
2018-03-08,39.0
2018-03-09,41.26
2018-03-10,39.0
2018-03-11,44.07
2018-03-12,42.2
2018-03-13,39.46
2018-03-14,39.75
2018-03-15,46.06
2018-03-16,38.56
2018-03-17,47.01
2018-03-18,42.67
2018-03-19,45.21
2018-03-20,37.2
2018-03-21,34.6
2018-03-22,49.71
2018-03-23,48.22
2018-03-24,49.04
2018-03-25,42.06
2018-03-26,47.29
2018-03-27,43.44
2018-03-28,50.85
2018-03-29,49.97
2018-03-30,57.54
2018-03-31,55.97
2018-04-01,57.37
2018-04-02,41.62
2018-04-03,40.58
2018-04-04,54.36
2018-04-05,44.13
2018-04-06,59.07
2018-04-07,46.52
2018-04-08,42.99
2018-04-09,47.59
2018-04-10,47.87
2018-04-11,49.85
2018-04-12,59.62
2018-04-13,81.33
2018-04-14,76.21
2018-04-15,41.15
2018-04-16,57.51
2018-04-17,45.51
2018-04-18,52.77
2018-04-19,44.74
2018-04-20,49.88
2018-04-21,61.04
2018-04-22,64.49
2018-04-23,64.26
2018-04-24,63.8
2018-04-25,57.44
2018-04-26,68.2
2018-04-27,53.68
2018-04-28,66.18
2018-04-29,56.33
2018-04-30,49.79
2018-05-01,79.45
2018-05-02,88.55
2018-05-03,91.25
2018-05-04,82.67
2018-05-05,74.14
2018-05-06,63.55
2018-05-07,73.5
2018-05-08,70.82
2018-05-09,74.5
2018-05-10,67.34
2018-05-11,72.47
2018-05-12,57.23
2018-05-13,53.82
2018-05-14,70.16
2018-05-15,88.27
2018-05-16,63.62
2018-05-17,71.0
2018-05-18,63.79
2018-05-19,55.59
2018-05-20,80.73
2018-05-21,75.14
2018-05-22,65.3
2018-05-23,80.47
2018-05-24,82.12
2018-05-25,85.99
2018-05-26,88.55
2018-05-27,65.08
2018-05-28,68.14
2018-05-29,86.75
2018-05-30,72.27
2018-05-31,67.65
2018-06-01,80.17
2018-06-02,84.39
2018-06-03,62.12
2018-06-04,70.32
2018-06-05,72.57
2018-06-06,68.04
2018-06-07,69.68
2018-06-08,80.55
2018-06-09,79.44
2018-06-10,69.34
2018-06-11,70.15
2018-06-12,73.67
2018-06-13,76.13
2018-06-14,83.18
2018-06-15,74.14
2018-06-16,82.6
2018-06-17,88.51
2018-06-18,90.12
2018-06-19,86.63
2018-06-20,81.06
2018-06-21,83.08
2018-06-22,72.05
2018-06-23,66.46
2018-06-24,82.95
2018-06-25,80.07
2018-06-26,75.28
2018-06-27,72.18
2018-06-28,82.27
2018-06-29,89.01
2018-06-30,91.97
2018-07-01,94.01
2018-07-02,92.96
2018-07-03,90.66
2018-07-04,86.3
2018-07-05,88.29
2018-07-06,80.96
2018-07-07,75.22
2018-07-08,81.36
2018-07-09,86.33
2018-07-10,91.83
2018-07-11,85.79
2018-07-12,82.24
2018-07-13,82.81
2018-07-14,88.27
2018-07-15,83.66
2018-07-16,89.17
2018-07-17,86.64
2018-07-18,83.17
2018-07-19,80.86
2018-07-20,80.62
2018-07-21,75.44
2018-07-22,79.58
2018-07-23,80.87
2018-07-24,82.71
2018-07-25,78.36
2018-07-26,85.67
2018-07-27,85.96
2018-07-28,84.31
2018-07-29,81.2
2018-07-30,77.81
2018-07-31,79.92
2018-08-01,86.32
2018-08-02,85.19
2018-08-03,83.68
2018-08-04,86.05
2018-08-05,89.66
2018-08-06,91.32
2018-08-07,88.52
2018-08-08,89.24
2018-08-09,87.84
2018-08-10,86.32
2018-08-11,75.22
2018-08-12,81.46
2018-08-13,74.38
2018-08-14,80.26
2018-08-15,87.46
2018-08-16,88.43
2018-08-17,86.96
2018-08-18,85.17
2018-08-19,72.39
2018-08-20,73.99
2018-08-21,76.03
2018-08-22,82.92
2018-08-23,77.99
2018-08-24,81.62
2018-08-25,78.43
2018-08-26,82.54
2018-08-27,87.25
2018-08-28,93.33
2018-08-29,93.04
2018-08-30,88.39
2018-08-31,73.67
2018-09-01,76.52
2018-09-02,80.05
2018-09-03,89.48
2018-09-04,90.49
2018-09-05,88.67
2018-09-06,91.55
2018-09-07,74.62
2018-09-08,69.17
2018-09-09,60.62
2018-09-10,62.47
2018-09-11,73.93
2018-09-12,76.85
2018-09-13,75.97
2018-09-14,74.18
2018-09-15,78.85
2018-09-16,83.11
2018-09-17,77.8
2018-09-18,78.48
2018-09-19,80.3
2018-09-20,70.94
2018-09-21,72.25
2018-09-22,72.38
2018-09-23,64.71
2018-09-24,67.7
2018-09-25,71.22
2018-09-26,81.75
2018-09-27,71.64
2018-09-28,62.75
2018-09-29,73.45
2018-09-30,69.44
2018-10-01,75.29
2018-10-02,76.77
2018-10-03,73.88
2018-10-04,74.92
2018-10-05,68.5
2018-10-06,65.57
2018-10-07,78.72
2018-10-08,65.77
2018-10-09,76.03
2018-10-10,79.89
2018-10-11,74.63
2018-10-12,60.7
2018-10-13,55.57
2018-10-14,57.05
2018-10-15,65.35
2018-10-16,54.64
2018-10-17,61.27
2018-10-18,50.65
2018-10-19,59.75
2018-10-20,61.94
2018-10-21,47.6
2018-10-22,50.6
2018-10-23,63.89
2018-10-24,54.07
2018-10-25,50.87
2018-10-26,48.75
2018-10-27,49.91
2018-10-28,52.23
2018-10-29,54.89
2018-10-30,55.54
2018-10-31,64.73
2018-11-01,69.32
2018-11-02,69.5
2018-11-03,58.52
2018-11-04,55.27
2018-11-05,52.8
2018-11-06,57.81
2018-11-07,62.18
2018-11-08,55.1
2018-11-09,50.44
2018-11-10,45.12
2018-11-11,45.69
2018-11-12,47.75
2018-11-13,48.16
2018-11-14,39.06
2018-11-15,33.3
2018-11-16,44.2
2018-11-17,46.45
2018-11-18,42.09
2018-11-19,49.78
2018-11-20,45.75
2018-11-21,43.56
2018-11-22,27.24
2018-11-23,31.36
2018-11-24,44.46
2018-11-25,54.33
2018-11-26,51.6
2018-11-27,43.72
2018-11-28,40.22
2018-11-29,44.62
2018-11-30,40.79
2018-12-01,44.46
2018-12-02,51.99
2018-12-03,53.32
2018-12-04,41.44
2018-12-05,35.84
2018-12-06,38.8
2018-12-07,37.24
2018-12-08,34.87
2018-12-09,34.72
2018-12-10,38.8
2018-12-11,39.75
2018-12-12,38.75
2018-12-13,37.94
2018-12-14,48.2
2018-12-15,50.67
2018-12-16,40.04
2018-12-17,45.45
2018-12-18,34.79
2018-12-19,41.53
2018-12-20,43.89
2018-12-21,59.47
2018-12-22,46.38
2018-12-23,43.4
2018-12-24,42.91
2018-12-25,39.48
2018-12-26,42.34
2018-12-27,42.37
2018-12-28,56.68
2018-12-29,51.22
2018-12-30,37.92
2018-12-31,43.46
